No   IGT            Start RTA      End RTA        Length     Retime?    Reason / Notice
0    00:14.348      00:14.371      00:37.731      23.360                Paused by player, Unpause by changed look direction
1    00:31.000      00:54.056      00:56.527      2.471                 Paused by player, Unpause by player / changed option
0    00:49.950      01:15.485      01:19.198      3.713                 Paused by player, Unpause by rendered
1    02:03.587      02:32.866      02:41.040      8.174      8.174      Paused by player, Unpause by player
0    02:06.837      02:44.280      23:41.865      1257.585              Paused by player, Unpause by rendered
1    02:54.995      24:29.901      24:30.210      0.309      0.309      Paused by player, Unpause by player
2    02:57.095      24:32.276      25:09.105      36.829     36.829     Paused by player, Unpause by player
3    03:01.495      25:13.489      25:20.755      7.266      7.266      Paused by player, Unpause by player
4    03:02.195      25:21.435      25:24.776      3.341      3.341      Paused by player, Unpause by player
5    03:02.695      25:25.263      25:27.058      1.795      1.795      Paused by player, Unpause by player
6    03:03.045      25:27.410      25:27.936      0.526      0.526      Paused by player, Unpause by player
7    03:03.495      25:28.360      25:29.326      0.966      0.966      Paused by player, Unpause by player
8    03:05.295      25:31.140      25:31.790      0.650      0.650      Paused by player, Unpause by player
9    03:05.845      25:32.348      25:33.038      0.690      0.690      Paused by player, Unpause by player
10   03:11.445      25:38.608      25:39.579      0.971      0.971      Paused by player, Unpause by player
11   03:11.995      25:40.115      25:41.018      0.903      0.903      Paused by player, Unpause by player
12   03:13.395      25:42.405      25:43.627      1.222      1.222      Paused by player, Unpause by player
13   03:14.845      25:45.046      25:49.419      4.373      4.373      Paused by player, Unpause by player
14   03:17.295      25:51.866      25:57.219      5.353      5.353      Paused by player, Unpause by player
15   03:27.345      26:07.267      26:08.910      1.643      1.643      Paused by player, Unpause by player
16   03:27.795      26:09.354      26:10.071      0.717      0.717      Paused by player, Unpause by player
17   03:30.095      26:12.347      26:14.871      2.524      2.524      Paused by player, Unpause by player
18   05:16.095      28:00.824      28:04.528      3.704      3.704      Paused by player, Unpause by player
19   05:36.095      28:24.540      28:27.212      2.672      2.672      Paused by player, Unpause by player
20   05:36.295      28:27.414      28:27.855      0.441      0.441      Paused by player, Unpause by player
21   06:50.445      29:41.996      29:44.120      2.124      2.124      Paused by player, Unpause by player
22   06:51.795      29:45.443      29:55.405      9.962      9.962      Paused by player, Unpause by player
23   10:26.045      33:29.676      39:31.274      361.598    361.598    Paused by player, Unpause by player
24   11:40.945      40:46.174      40:51.519      5.345      5.345      Paused by player, Unpause by player
25   11:54.245      41:04.812      41:10.920      6.108      6.108      Paused by player, Unpause by player
26   13:37.495      42:54.161      43:14.560      20.399     20.399     Paused by player, Unpause by player
27   13:37.745      43:14.811      43:15.231      0.420      0.420      Paused by player, Unpause by player
28   14:08.895      43:46.350      43:55.753      9.403      9.403      Paused by player, Unpause by player
29   14:13.595      44:00.425      44:00.943      0.518      0.518      Paused by player, Unpause by player
30   14:18.595      44:05.941      44:13.896      7.955      7.955      Paused by player, Unpause by player
31   14:56.845      44:52.151      44:58.270      6.119      6.119      Paused by player, Unpause by player
32   14:58.195      44:59.595      45:11.831      12.236     12.236     Paused by player, Unpause by player
33   15:02.795      45:16.430      45:19.977      3.547      3.547      Paused by player, Unpause by player
34   15:28.195      45:45.383      45:48.804      3.421      3.421      Paused by player, Unpause by player
35   15:48.895      46:09.476      46:10.589      1.113      1.113      Paused by player, Unpause by player
36   15:49.395      46:11.053      46:12.288      1.235      1.235      Paused by player, Unpause by player
37   16:11.245      46:34.142      46:35.878      1.736      1.736      Paused by player, Unpause by player
38   16:13.345      46:37.950      46:42.869      4.919      4.919      Paused by player, Unpause by player
39   17:21.745      47:51.268      48:02.010      10.742     10.742     Paused by player, Unpause by player
40   17:22.345      48:02.566      48:15.380      12.814     12.814     Paused by player, Unpause by player
41   23:23.345      54:16.376      54:17.961      1.585      1.585      Paused by player, Unpause by player
42   23:26.995      54:21.570      54:41.833      20.263     20.263     Paused by player, Unpause by player
43   24:17.745      55:32.582      55:35.262      2.680      2.680      Paused by player, Unpause by player
44   24:22.745      55:40.228      55:51.330      11.102     11.102     Paused by player, Unpause by player
45   59:58.345      1:31:26.902    1:31:39.693    12.791     12.791     Paused by player, Unpause by player
46   1:00:17.745    1:31:59.071    1:32:00.992    1.921      1.921      Paused by player, Unpause by player
47   1:00:27.895    1:32:11.151    1:32:14.942    3.791      3.791      Paused by player, Unpause by player
48   1:00:59.295    1:32:46.309    1:32:56.332    10.023     10.023     Paused by player, Unpause by player
49   1:07:00.445    1:39:06.711    1:39:50.812    44.101     44.101     Paused by player, Unpause by player
50   1:07:14.895    1:40:05.301    1:40:05.520    0.219      0.219      Paused by player, Unpause by player
51   1:07:15.145    1:40:05.754    1:40:10.537    4.783      4.783      Paused by player, Unpause by player
52   1:07:26.045    1:40:21.438    1:40:25.836    4.398      4.398      Paused by player, Unpause by player
53   1:07:27.845    1:40:27.631    1:40:30.289    2.658      2.658      Paused by player, Unpause by player
54   1:07:30.695    1:40:33.123    1:40:37.071    3.948      3.948      Paused by player, Unpause by player
55   1:07:38.245    1:40:44.612    1:40:46.679    2.067      2.067      Paused by player, Unpause by player
56   1:07:41.545    1:40:49.954    1:40:51.500    1.546      1.546      Paused by player, Unpause by player
57   1:07:42.445    1:40:52.375    1:40:53.400    1.025      1.025      Paused by player, Unpause by player
58   1:07:48.645    1:40:59.597    1:41:00.425    0.828      0.828      Paused by player, Unpause by player
59   1:07:49.095    1:41:00.847    1:41:02.644    1.797      1.797      Paused by player, Unpause by player
60   1:08:02.245    1:41:15.772    1:41:18.761    2.989      2.989      Paused by player, Unpause by player
61   1:08:02.545    1:41:19.048    1:41:20.007    0.959      0.959      Paused by player, Unpause by player
62   1:08:05.395    1:41:22.843    1:41:23.703    0.860      0.860      Paused by player, Unpause by player
1    1:08:11.545    1:41:29.828    1:41:51.854    22.026                Paused by leave the world, Unpause by rendered
2    1:08:13.039    1:41:53.365    1:41:54.428    1.063      1.063      Paused by player, Unpause by player
3    1:08:28.589    1:42:09.932    1:42:15.782    5.850      5.850      Paused by player, Unpause by player
4    1:08:30.889    1:42:18.054    1:42:19.334    1.280      1.280      Paused by player, Unpause by player
5    1:09:03.339    1:42:51.773    1:42:52.397    0.624      0.624      Paused by player, Unpause by player
6    1:09:03.739    1:42:52.769    1:42:53.406    0.637      0.637      Paused by player, Unpause by player
7    1:09:04.189    1:42:53.841    1:42:54.480    0.639      0.639      Paused by player, Unpause by player
8    1:09:04.539    1:42:54.815    1:42:55.319    0.504      0.504      Paused by player, Unpause by player
9    1:09:04.889    1:42:55.654    1:42:56.219    0.565      0.565      Paused by player, Unpause by player
10   1:09:05.239    1:42:56.538    1:42:56.891    0.353      0.353      Paused by player, Unpause by player
11   1:09:05.539    1:42:57.160    1:42:58.269    1.109      1.109      Paused by player, Unpause by player
12   1:09:06.039    1:42:58.722    1:43:00.338    1.616      1.616      Paused by player, Unpause by player
13   1:09:07.589    1:43:01.887    1:43:06.024    4.137      4.137      Paused by player, Unpause by player
14   1:09:12.989    1:43:11.425    1:43:12.611    1.186      1.186      Paused by player, Unpause by player
15   1:09:13.589    1:43:13.180    1:43:15.686    2.506      2.506      Paused by player, Unpause by player
16   1:09:17.789    1:43:19.858    1:43:20.873    1.015      1.015      Paused by player, Unpause by player
17   1:09:22.939    1:43:26.024    1:43:29.223    3.199      3.199      Paused by player, Unpause by player
18   1:09:33.489    1:43:39.773    1:43:41.326    1.553      1.553      Paused by player, Unpause by player
19   1:09:35.539    1:43:43.374    1:43:43.895    0.521      0.521      Paused by player, Unpause by player
20   1:09:35.989    1:43:44.320    1:43:44.822    0.502      0.502      Paused by player, Unpause by player
21   1:09:36.739    1:43:45.547    1:43:46.896    1.349      1.349      Paused by player, Unpause by player
22   1:09:37.239    1:43:47.365    1:43:48.605    1.240      1.240      Paused by player, Unpause by player
23   1:09:38.039    1:43:49.396    1:43:49.930    0.534      0.534      Paused by player, Unpause by player
24   1:09:38.989    1:43:50.886    1:43:51.459    0.573      0.573      Paused by player, Unpause by player
25   1:09:39.439    1:43:51.884    1:43:52.792    0.908      0.908      Paused by player, Unpause by player
26   1:09:39.789    1:43:53.110    1:43:53.663    0.553      0.553      Paused by player, Unpause by player
27   1:09:40.289    1:43:54.130    1:43:55.155    1.025      1.025      Paused by player, Unpause by player
28   1:10:08.489    1:44:23.354    1:44:26.348    2.994      2.994      Paused by player, Unpause by player
29   1:10:09.189    1:44:27.054    1:44:28.085    1.031      1.031      Paused by player, Unpause by player
30   1:10:10.239    1:44:29.110    1:44:29.750    0.640      0.640      Paused by player, Unpause by player
31   1:10:19.389    1:44:38.878    1:44:39.567    0.689      0.689      Paused by player, Unpause by player
32   1:10:30.439    1:44:50.608    1:44:53.227    2.619      2.619      Paused by player, Unpause by player
33   1:10:32.889    1:44:55.644    1:44:56.704    1.060      1.060      Paused by player, Unpause by player
34   1:10:33.239    1:44:57.009    1:44:57.447    0.438      0.438      Paused by player, Unpause by player
35   1:11:05.189    1:45:29.377    1:45:36.086    6.709      6.709      Paused by player, Unpause by player
36   1:11:05.739    1:45:36.607    1:45:48.501    11.894     11.894     Paused by player, Unpause by player
37   1:11:06.389    1:45:49.121    1:45:52.050    2.929      2.929      Paused by player, Unpause by player
38   1:11:35.389    1:46:21.047    1:46:24.916    3.869      3.869      Paused by player, Unpause by player
39   1:11:36.089    1:46:25.604    1:46:26.862    1.258      1.258      Paused by player, Unpause by player
40   1:11:37.339    1:46:28.089    1:46:29.265    1.176      1.176      Paused by player, Unpause by player
41   1:11:39.289    1:46:31.213    1:46:33.186    1.973      1.973      Paused by player, Unpause by player
42   1:12:41.389    1:47:35.264    1:47:37.534    2.270      2.270      Paused by player, Unpause by player
43   1:12:41.989    1:47:38.141    1:47:43.346    5.205      5.205      Paused by player, Unpause by player
44   1:12:50.839    1:47:52.199    1:47:54.559    2.360      2.360      Paused by player, Unpause by player
45   1:41:47.589    2:16:51.641    2:16:52.628    0.987      0.987      Paused by player, Unpause by player
46   1:45:11.789    2:20:16.868    2:25:16.132    299.264    299.264    Paused by player, Unpause by player
47   1:45:31.639    2:25:35.968    2:25:36.622    0.654      0.654      Paused by player, Unpause by player
48   1:45:32.639    2:25:37.613    2:25:38.042    0.429      0.429      Paused by player, Unpause by player
49   1:45:33.289    2:25:38.656    2:25:39.690    1.034      1.034      Paused by player, Unpause by player
50   1:45:34.489    2:25:40.873    2:25:41.659    0.786      0.786      Paused by player, Unpause by player
51   1:45:51.039    2:25:58.202    2:25:58.676    0.474      0.474      Paused by player, Unpause by player
52   1:45:56.389    2:26:04.002    2:26:14.932    10.930     10.930     Paused by player, Unpause by player
53   1:46:37.789    2:26:56.326    2:26:59.483    3.157      3.157      Paused by player, Unpause by player
54   1:46:39.489    2:27:01.168    2:27:01.687    0.519      0.519      Paused by player, Unpause by player
55   1:46:41.039    2:27:03.197    2:27:03.749    0.552      0.552      Paused by player, Unpause by player
56   1:46:41.489    2:27:04.173    2:27:04.866    0.693      0.693      Paused by player, Unpause by player
57   1:46:42.439    2:27:05.790    2:27:06.411    0.621      0.621      Paused by player, Unpause by player
58   1:46:42.939    2:27:06.915    2:27:07.462    0.547      0.547      Paused by player, Unpause by player
59   1:46:44.439    2:27:08.966    2:27:09.325    0.359      0.359      Paused by player, Unpause by player
60   1:46:45.339    2:27:10.223    2:27:10.793    0.570      0.570      Paused by player, Unpause by player
61   1:46:46.839    2:27:12.275    2:27:13.397    1.122      1.122      Paused by player, Unpause by player
62   1:46:47.289    2:27:13.857    2:27:14.204    0.347      0.347      Paused by player, Unpause by player
63   1:46:47.639    2:27:14.560    2:27:15.160    0.600      0.600      Paused by player, Unpause by player
64   1:47:05.939    2:27:33.418    2:27:34.053    0.635      0.635      Paused by player, Unpause by player
65   1:47:06.489    2:27:34.570    2:27:35.142    0.572      0.572      Paused by player, Unpause by player
66   1:47:17.239    2:27:45.889    2:27:47.830    1.941      1.941      Paused by player, Unpause by player
67   1:47:17.789    2:27:48.339    2:27:56.400    8.061      8.061      Paused by player, Unpause by player
68   1:47:46.789    2:28:25.392    2:28:26.177    0.785      0.785      Paused by player, Unpause by player
69   1:47:52.689    2:28:32.050    2:28:34.053    2.003      2.003      Paused by player, Unpause by player
70   1:47:53.589    2:28:34.915    2:28:35.360    0.445      0.445      Paused by player, Unpause by player
71   1:47:54.089    2:28:35.830    2:28:36.235    0.405      0.405      Paused by player, Unpause by player
72   1:48:16.539    2:28:58.656    2:28:59.196    0.540      0.540      Paused by player, Unpause by player
73   1:48:18.189    2:29:00.827    2:29:02.641    1.814      1.814      Paused by player, Unpause by player
74   1:48:25.839    2:29:10.247    2:29:10.733    0.486      0.486      Paused by player, Unpause by player
75   1:48:26.389    2:29:11.267    2:29:12.054    0.787      0.787      Paused by player, Unpause by player
76   1:48:32.239    2:29:17.896    2:29:18.441    0.545      0.545      Paused by player, Unpause by player
77   1:48:39.939    2:29:26.142    2:29:26.516    0.374      0.374      Paused by player, Unpause by player
78   1:48:40.289    2:29:26.840    2:29:27.321    0.481      0.481      Paused by player, Unpause by player
79   1:48:40.789    2:29:27.818    2:29:28.221    0.403      0.403      Paused by player, Unpause by player
80   1:49:32.389    2:30:19.819    2:30:20.253    0.434      0.434      Paused by player, Unpause by player
81   1:49:32.639    2:30:20.465    2:30:20.788    0.323      0.323      Paused by player, Unpause by player
82   1:49:34.839    2:30:22.983    2:30:23.839    0.856      0.856      Paused by player, Unpause by player
83   1:49:35.289    2:30:24.278    2:30:24.831    0.553      0.553      Paused by player, Unpause by player
84   1:49:44.489    2:30:34.026    2:30:34.273    0.247      0.247      Paused by player, Unpause by player
85   1:49:45.139    2:30:34.919    2:30:35.157    0.238      0.238      Paused by player, Unpause by player
86   1:50:07.789    2:30:57.815    2:30:58.986    1.171      1.171      Paused by player, Unpause by player
87   1:50:08.539    2:30:59.717    2:31:00.918    1.201      1.201      Paused by player, Unpause by player
88   1:50:09.039    2:31:01.406    2:31:08.257    6.851      6.851      Paused by player, Unpause by player
89   1:50:17.939    2:31:17.149    2:31:17.826    0.677      0.677      Paused by player, Unpause by player
90   1:50:19.389    2:31:19.233    2:31:19.534    0.301      0.301      Paused by player, Unpause by player
91   1:50:45.739    2:31:45.845    2:31:46.654    0.809      0.809      Paused by player, Unpause by player
92   1:51:13.739    2:32:14.679    2:32:31.048    16.369     16.369     Paused by player, Unpause by player
93   1:51:16.339    2:32:33.647    2:32:48.601    14.954     14.954     Paused by player, Unpause by player
94   1:51:17.239    2:32:49.489    2:32:54.737    5.248      5.248      Paused by player, Unpause by player
95   1:51:54.189    2:33:31.676    2:33:32.163    0.487      0.487      Paused by player, Unpause by player
96   1:51:55.489    2:33:33.459    2:33:34.559    1.100      1.100      Paused by player, Unpause by player
97   1:51:55.839    2:33:34.894    2:33:35.098    0.204      0.204      Paused by player, Unpause by player
98   1:51:56.739    2:33:35.987    2:33:36.404    0.417      0.417      Paused by player, Unpause by player
99   1:52:01.039    2:33:40.670    2:33:41.034    0.364      0.364      Paused by player, Unpause by player
100  1:52:01.389    2:33:41.387    2:33:41.612    0.225      0.225      Paused by player, Unpause by player
101  1:52:26.789    2:34:06.990    2:34:10.102    3.112      3.112      Paused by player, Unpause by player
102  1:55:09.539    2:36:52.810    2:38:51.558    118.748    118.748    Paused by player, Unpause by player
103  1:55:17.739    2:38:59.723    2:39:16.580    16.857     16.857     Paused by player, Unpause by player
104  1:55:17.939    2:39:16.749    2:39:20.011    3.262      3.262      Paused by player, Unpause by player
105  1:55:24.539    2:39:26.615    2:39:39.965    13.350     13.350     Paused by player, Unpause by player
106  1:55:27.489    2:39:42.922    2:39:46.253    3.331      3.331      Paused by player, Unpause by player
107  1:55:29.689    2:39:48.425    2:39:53.248    4.823      4.823      Paused by player, Unpause by player
108  1:55:36.539    2:40:00.091    2:40:09.298    9.207      9.207      Paused by player, Unpause by player
109  1:55:39.639    2:40:12.390    2:41:03.944    51.554     51.554     Paused by player, Unpause by player
110  1:55:48.489    2:41:12.781    2:41:13.758    0.977      0.977      Paused by player, Unpause by player
111  1:55:51.189    2:41:16.414    2:41:23.625    7.211      7.211      Paused by player, Unpause by player
112  1:55:52.989    2:41:25.420    2:41:27.205    1.785      1.785      Paused by player, Unpause by player
113  1:55:53.139    2:41:27.323    2:41:27.942    0.619      0.619      Paused by player, Unpause by player
114  1:55:54.439    2:41:29.231    2:41:29.904    0.673      0.673      Paused by player, Unpause by player
115  1:56:00.139    2:41:35.569    2:41:37.085    1.516      1.516      Paused by player, Unpause by player
116  1:56:00.939    2:41:37.894    2:41:38.287    0.393      0.393      Paused by player, Unpause by player
117  1:56:01.789    2:41:39.100    2:41:39.774    0.674      0.674      Paused by player, Unpause by player
118  1:56:02.139    2:41:40.109    2:41:42.619    2.510      2.510      Paused by player, Unpause by player
119  1:56:37.139    2:42:17.630    2:42:26.025    8.395      8.395      Paused by player, Unpause by player
120  1:58:47.389    2:44:36.267    2:44:36.941    0.674      0.674      Paused by player, Unpause by player
121  1:59:35.639    2:45:25.161    2:45:41.395    16.234     16.234     Paused by player, Unpause by player
122  1:59:55.189    2:46:00.929    2:46:01.562    0.633      0.633      Paused by player, Unpause by player
123  2:00:02.489    2:46:08.863    2:46:22.052    13.189     13.189     Paused by player, Unpause by player
124  2:00:20.289    2:46:39.859    2:46:44.839    4.980      4.980      Paused by player, Unpause by player
125  2:00:21.089    2:46:45.609    2:46:47.111    1.502      1.502      Paused by player, Unpause by player
126  2:00:23.639    2:46:49.639    2:46:50.616    0.977      0.977      Paused by player, Unpause by player
127  2:01:09.189    2:47:36.167    2:47:38.392    2.225      2.225      Paused by player, Unpause by player
128  2:01:09.539    2:47:38.713    2:47:40.106    1.393      1.393      Paused by player, Unpause by player
129  2:01:10.639    2:47:41.180    2:47:42.114    0.934      0.934      Paused by player, Unpause by player
130  2:01:10.989    2:47:42.450    2:47:43.038    0.588      0.588      Paused by player, Unpause by player
131  2:01:11.639    2:47:43.693    2:47:44.254    0.561      0.561      Paused by player, Unpause by player
132  2:01:18.789    2:47:51.393    2:47:52.677    1.284      1.284      Paused by player, Unpause by player
133  2:01:44.139    2:48:17.981    2:48:18.456    0.475      0.475      Paused by player, Unpause by player
134  2:01:44.489    2:48:18.790    2:48:19.226    0.436      0.436      Paused by player, Unpause by player
135  2:01:58.189    2:48:32.935    2:48:34.977    2.042      2.042      Paused by player, Unpause by player
136  2:02:07.939    2:48:44.687    2:48:56.875    12.188     12.188     Paused by player, Unpause by player
137  2:02:18.489    2:49:07.398    2:49:10.449    3.051      3.051      Paused by player, Unpause by player
138  2:02:19.339    2:49:11.275    2:49:11.862    0.587      0.587      Paused by player, Unpause by player
139  2:02:27.939    2:49:20.448    2:49:23.059    2.611      2.611      Paused by player, Unpause by player
140  2:02:40.539    2:49:35.642    2:49:36.570    0.928      0.928      Paused by player, Unpause by player
141  2:02:42.339    2:49:38.364    2:49:39.435    1.071      1.071      Paused by player, Unpause by player
142  2:02:47.239    2:49:44.311    2:49:45.757    1.446      1.446      Paused by player, Unpause by player
143  2:02:56.089    2:49:54.586    2:50:07.288    12.702     12.702     Paused by player, Unpause by player
144  2:02:58.039    2:50:09.234    2:50:51.378    42.144     42.144     Paused by player, Unpause by player
145  2:03:02.189    2:50:55.506    2:51:18.211    22.705     22.705     Paused by player, Unpause by player
146  2:03:28.339    2:51:44.342    2:51:46.366    2.024      2.024      Paused by player, Unpause by player
147  2:04:13.189    2:52:31.216    2:52:31.757    0.541      0.541      Paused by player, Unpause by player
0    2:05:36.189    2:53:54.712    2:54:00.905    6.193                 Paused by player, Unpause by rendered
1    2:06:31.685    2:54:56.406    2:55:02.304    5.898      5.898      Paused by player, Unpause by player
0    2:06:31.785    2:55:02.400    3:03:13.741    491.341               Paused by player, Unpause by rendered
0    2:06:48.931    3:03:30.902    18367:59:43.31966113772.417           Paused by player, Unpause by rendered
1    2:12:07.172    18368:05:01.57018368:05:04.5652.995      2.995      Paused by player, Unpause by player
0    2:12:58.872    18368:05:56.25518372:58:57.18217580.927             Paused by player, Unpause by rendered
1    2:17:50.194    18373:03:48.52018373:03:49.0070.487      0.487      Paused by player, Unpause by player
2    2:17:50.494    18373:03:49.30218373:03:49.5320.230      0.230      Paused by player, Unpause by player
3    2:22:31.694    18373:08:30.72318373:08:41.46910.746     10.746     Paused by player, Unpause by player
0    2:38:50.944    18373:25:00.71018439:05:24.767236424.057            Paused by player, Unpause by rendered
1    2:38:54.589    18439:05:28.41818439:05:29.4591.041      1.041      Paused by player, Unpause by player
2    2:38:55.439    18439:05:30.33918439:06:04.27633.937     33.937     Paused by player, Unpause by player
3    7:58:39.389    18444:26:04.23118444:26:04.5620.331      0.331      Paused by player, Unpause by player
4    8:05:29.539    18444:32:54.71018444:33:46.68551.975     51.975     Paused by player, Unpause by player
0    8:10:31.139    18444:38:48.25418470:22:46.36392638.109             Paused by player, Unpause by rendered
1    8:11:19.605    18470:23:34.82118470:31:26.095471.274    471.274    Paused by player, Unpause by player
2    8:12:04.555    18470:32:11.01718470:32:18.3387.321      7.321      Paused by player, Unpause by player
3    8:29:59.355    18470:50:13.14518470:50:25.36412.219     12.219     Paused by player, Unpause by player
0    8:32:13.605    18470:52:39.64218488:05:16.12261956.480             Paused by player, Unpause by rendered
0    8:32:38.847    18488:05:41.38818488:15:23.859582.471               Paused by player, Unpause by rendered
0    8:32:56.634    18488:15:41.65318493:47:21.74319900.090             Paused by player, Unpause by rendered
0    8:34:23.581    18493:48:48.69518494:05:34.0481005.353              Paused by player, Unpause by rendered
0    8:34:32.471    18494:05:42.92518562:35:39.358246596.433            Paused by player, Unpause by changed look direction
0    8:34:49.072    18562:35:55.49918562:47:27.595692.096               Paused by player, Unpause by rendered
0    8:35:02.117    18562:47:40.68118563:12:53.7901513.109              Paused by player, Unpause by rendered
1    8:35:11.663    18563:13:03.37418563:13:23.84020.466     20.466     Paused by player, Unpause by player
0    8:35:13.663    18563:13:25.89818563:22:36.055550.157               Paused by player, Unpause by rendered
0    8:36:03.506    18563:23:25.93518564:40:56.1844650.249              Paused by player, Unpause by moved mouse
0    8:44:16.263    18564:49:08.91518578:05:23.33747774.422             Paused by player, Unpause by rendered
1    8:55:45.626    18578:16:52.70118578:19:47.379174.678    174.678    Paused by player, Unpause by player
2    8:55:47.626    18578:19:49.36118578:20:32.98643.625     43.625     Paused by player, Unpause by player
3    8:56:35.326    18578:21:20.66218578:21:29.3678.705      3.705      Paused by player, Unpause by player / changed option
4    8:56:35.476    18578:21:29.52018578:21:29.8900.370      0.370      Paused by player, Unpause by player
0    8:56:45.426    18578:21:39.85618584:54:48.04523588.189             Paused by player, Unpause by rendered
0    8:59:39.735    18584:57:42.22718585:09:42.678720.451               Paused by player, Unpause by rendered
0    8:59:59.321    18585:10:02.29418585:20:39.755637.461               Paused by player, Unpause by rendered
0    9:00:52.066    18585:21:32.53518585:42:43.0691270.534              Paused by player, Unpause by rendered
0    9:01:06.653    18585:42:57.66918681:15:48.322343970.653            Paused by player, Unpause by rendered
0    9:01:46.789    18681:16:28.45818681:27:45.860677.402               Paused by player, Unpause by rendered
0    9:04:27.223    18681:30:26.31418683:33:55.3747409.060              Paused by player, Unpause by changed look direction
0    9:04:43.176    18683:34:11.26218683:50:33.232981.970               Paused by player, Unpause by rendered
0    9:05:16.512    18683:51:06.56718700:12:32.26058885.693             Paused by player, Unpause by rendered
1    9:05:36.200    18700:12:51.93618700:12:53.3351.399      1.399      Paused by player, Unpause by player
0    9:05:59.500    18700:13:16.65318700:24:53.243696.590               Paused by player, Unpause by changed look direction
1    9:11:31.201    18700:30:24.95518700:30:25.1410.186      0.186      Paused by player, Unpause by player
0    9:14:35.501    18700:33:29.43318704:41:34.27614884.843             Paused by player, Unpause by changed look direction
1    9:18:28.353    18704:45:27.13018704:45:33.2406.110      6.110      Paused by player, Unpause by player
2    9:19:39.253    18704:46:44.17318704:46:52.8178.644      8.644      Paused by player, Unpause by player
3    9:23:04.653    18704:50:18.24118704:50:19.3981.157      1.157      Paused by player, Unpause by player
4    9:23:05.003    18704:50:19.73618704:50:20.4110.675      0.675      Paused by player, Unpause by player
5    9:23:05.453    18704:50:20.82118704:50:29.1758.354      8.354      Paused by player, Unpause by player
6    9:23:13.303    18704:50:36.98718704:50:39.1512.164      2.164      Paused by player, Unpause by player
7    9:23:13.753    18704:50:39.58818704:50:40.3190.731      0.731      Paused by player, Unpause by player
8    9:23:14.103    18704:50:40.63118704:50:42.8092.178      2.178      Paused by player, Unpause by player
9    9:23:15.903    18704:50:44.58618704:50:50.4785.892      5.892      Paused by player, Unpause by player
10   9:23:16.453    18704:50:51.01218704:50:52.9611.949      1.949      Paused by player, Unpause by player
11   9:23:42.353    18704:51:18.85518704:51:19.6630.808      0.808      Paused by player, Unpause by player
12   9:23:42.703    18704:51:20.00118704:51:21.2741.273      1.273      Paused by player, Unpause by player
13   9:23:43.153    18704:51:21.72118704:51:23.9402.219      2.219      Paused by player, Unpause by player
14   9:23:43.603    18704:51:24.37718704:51:32.2857.908      7.908      Paused by player, Unpause by player
15   9:24:06.353    18704:51:55.01718704:51:56.3581.341      1.341      Paused by player, Unpause by player
16   9:24:22.753    18704:52:12.74718704:52:30.22517.478     17.478     Paused by player, Unpause by player
17   9:24:32.553    18704:52:40.02018704:52:40.9230.903      0.903      Paused by player, Unpause by player
18   9:24:33.053    18704:52:41.41718704:52:48.5117.094      7.094      Paused by player, Unpause by player
19   9:24:54.853    18704:53:10.29418704:53:11.2790.985      0.985      Paused by player, Unpause by player
20   9:26:17.803    18704:54:34.24018704:55:38.27664.036     64.036     Paused by player, Unpause by player
21   9:27:16.553    18704:56:36.99018704:56:39.1972.207      2.207      Paused by player, Unpause by player
22   9:30:09.503    18704:59:32.11518704:59:32.7960.681      0.681      Paused by player, Unpause by player
23   9:30:10.003    18704:59:33.26918704:59:34.0510.782      0.782      Paused by player, Unpause by player
24   9:30:10.403    18704:59:34.44118704:59:36.2031.762      1.762      Paused by player, Unpause by player
25   9:31:41.403    18705:01:07.18418705:01:07.7470.563      0.563      Paused by player, Unpause by player
26   9:33:53.253    18705:03:19.56818705:03:20.7391.171      1.171      Paused by player, Unpause by player
27   9:34:07.653    18705:03:35.14018705:03:35.8540.714      0.714      Paused by player, Unpause by player
28   9:34:08.103    18705:03:36.29118705:03:37.8741.583      1.583      Paused by player, Unpause by player
29   9:34:08.803    18705:03:38.58918705:03:39.3040.715      0.715      Paused by player, Unpause by player
30   9:34:10.353    18705:03:40.83618705:03:49.5028.666      8.666      Paused by player, Unpause by player
31   9:34:11.303    18705:03:50.41118705:03:51.4241.013      1.013      Paused by player, Unpause by player
32   9:34:13.303    18705:03:53.43118705:03:54.8731.442      1.442      Paused by player, Unpause by player
33   9:34:13.703    18705:03:55.23518705:03:55.9810.746      0.746      Paused by player, Unpause by player
34   9:34:19.053    18705:04:01.29318705:04:02.6091.316      1.316      Paused by player, Unpause by player
35   9:35:13.303    18705:04:56.84518705:04:58.4801.635      1.635      Paused by player, Unpause by player
36   9:36:53.753    18705:06:38.93818705:06:40.0751.137      1.137      Paused by player, Unpause by player
37   9:36:56.303    18705:06:42.58518705:06:45.4412.856      2.856      Paused by player, Unpause by player
38   9:36:59.603    18705:06:48.70018705:06:49.9961.296      1.296      Paused by player, Unpause by player
39   9:37:03.103    18705:06:53.46418705:06:54.3000.836      0.836      Paused by player, Unpause by player
40   9:37:03.503    18705:06:54.67818705:06:57.4322.754      2.754      Paused by player, Unpause by player
41   9:37:04.053    18705:06:57.96418705:06:58.5900.626      0.626      Paused by player, Unpause by player
42   9:37:04.553    18705:06:59.09518705:07:00.3811.286      1.286      Paused by player, Unpause by player
43   9:37:05.053    18705:07:00.83718705:07:02.4761.639      1.639      Paused by player, Unpause by player
44   9:37:06.353    18705:07:03.75118705:07:05.0011.250      1.250      Paused by player, Unpause by player
45   9:37:13.353    18705:07:11.97118705:07:12.7080.737      0.737      Paused by player, Unpause by player
46   9:37:28.603    18705:07:27.94318705:07:29.0811.138      1.138      Paused by player, Unpause by player
47   9:37:41.103    18705:07:41.57718705:07:43.0961.519      1.519      Paused by player, Unpause by player
48   9:38:03.303    18705:08:05.27318705:08:06.2580.985      0.985      Paused by player, Unpause by player
49   9:38:03.703    18705:08:06.64318705:08:15.3518.708      8.708      Paused by player, Unpause by player
0    9:39:54.503    18705:10:06.16618705:17:53.370467.204               Paused by player, Unpause by changed look direction
1    9:41:00.155    18705:18:58.96818705:19:02.9613.993      3.993      Paused by player, Unpause by player
2    9:41:02.005    18705:19:04.81118705:19:08.5483.737      3.737      Paused by player, Unpause by player
3    9:41:04.205    18705:19:10.71518705:19:24.40313.688     13.688     Paused by player, Unpause by player
4    9:41:19.305    18705:19:39.48518705:19:41.4091.924      1.924      Paused by player, Unpause by player
5    9:41:19.655    18705:19:41.76818705:19:45.7934.025      4.025      Paused by player, Unpause by player
6    9:42:03.355    18705:20:29.47718705:20:30.3750.898      0.898      Paused by player, Unpause by player
7    9:42:24.805    18705:20:51.78818705:20:52.7740.986      0.986      Paused by player, Unpause by player
8    9:42:31.505    18705:20:59.45618705:21:00.3750.919      0.919      Paused by player, Unpause by player
9    9:42:32.205    18705:21:01.04618705:21:01.8030.757      0.757      Paused by player, Unpause by player
10   9:45:36.205    18705:24:05.76718705:24:07.6921.925      1.925      Paused by player, Unpause by player
11   9:45:57.055    18705:24:28.52818705:24:48.08419.556     19.556     Paused by player, Unpause by player
12   9:46:09.555    18705:25:00.55718705:25:03.1872.630      2.630      Paused by player, Unpause by player
13   9:46:12.205    18705:25:05.83118705:25:12.4246.593      6.593      Paused by player, Unpause by player
14   9:46:14.355    18705:25:14.53518705:25:20.5366.001      6.001      Paused by player, Unpause by player
15   9:46:28.055    18705:25:34.24418705:25:39.8575.613      5.613      Paused by player, Unpause by player
16   9:46:30.805    18705:25:42.59618705:25:43.8091.213      1.213      Paused by player, Unpause by player
17   9:46:37.105    18705:25:50.08418705:25:52.4292.345      2.345      Paused by player, Unpause by player
18   9:48:05.105    18705:27:20.40618705:27:21.2950.889      0.889      Paused by player, Unpause by player
19   9:48:06.005    18705:27:22.17318705:27:22.9030.730      0.730      Paused by player, Unpause by player
20   9:49:25.205    18705:28:42.12318705:28:44.4122.289      2.289      Paused by player, Unpause by player
0    9:49:35.205    18705:28:54.38718705:33:01.567247.180               Paused by player, Unpause by rendered
1    9:53:17.749    18705:36:44.13418705:36:52.3268.192      8.192      Paused by player, Unpause by player
2    9:57:49.699    18705:41:24.24018705:41:32.0907.850      7.850      Paused by player, Unpause by player
3    10:08:42.949   18705:52:25.36718705:53:39.50674.139     74.139     Paused by player, Unpause by player
4    10:09:18.049   18705:54:14.57818705:54:14.9590.381      0.381      Paused by player, Unpause by player
5    10:09:18.299   18705:54:15.22418705:54:30.64415.420     15.420     Paused by player, Unpause by player
0    10:10:23.849   18705:55:36.21118706:11:37.136960.925               Paused by player, Unpause by rendered
1    10:10:44.974   18706:11:58.26518706:11:59.5161.251      1.251      Paused by player, Unpause by player
2    10:10:47.024   18706:12:01.51518706:12:02.0200.505      0.505      Paused by player, Unpause by player
3    10:11:23.174   18706:12:38.12618706:12:43.0544.928      4.928      Paused by player, Unpause by player
4    10:26:31.924   18706:27:51.78918706:27:55.2253.436      3.436      Paused by player, Unpause by player
5    10:26:34.424   18706:27:57.71818706:28:02.4554.737      4.737      Paused by player, Unpause by player
6    10:37:33.874   18706:39:01.91918706:39:07.7125.793      5.793      Paused by player, Unpause by player
0    10:40:27.774   18706:42:01.58918706:52:13.252611.663               Paused by player, Unpause by rendered
1    10:40:48.016   18706:52:33.53218706:52:34.3780.846      0.846      Paused by player, Unpause by player
0    10:40:49.066   18706:52:35.38618708:45:32.6176777.231              Paused by player, Unpause by rendered
0    11:37:08.311   18709:41:51.87818711:13:49.7245517.846              Paused by player, Unpause by rendered
1    11:51:08.757   18720:06:33.74118720:08:26.686112.945    112.945    Paused by player, Unpause by player
2    11:53:36.357   18720:10:54.28818720:10:58.8534.565      4.565      Paused by player, Unpause by player
0    12:00:58.357   18720:18:20.83318720:25:14.131413.298               Paused by player, Unpause by rendered
1    12:14:13.253   18720:38:29.08118720:38:41.80912.728     12.728     Paused by player, Unpause by player
2    12:14:38.703   18720:39:07.23318720:39:09.5642.331      2.331      Paused by player, Unpause by player
3    12:14:39.753   18720:39:10.61418720:39:11.8801.266      1.266      Paused by player, Unpause by player
4    12:15:01.003   18720:39:33.11918720:39:33.7610.642      0.642      Paused by player, Unpause by player
5    12:15:01.403   18720:39:34.15918720:39:34.5530.394      0.394      Paused by player, Unpause by player
6    12:15:06.903   18720:39:40.05118720:40:25.38745.336     45.336     Paused by player, Unpause by player
7    12:23:44.903   18720:49:03.34218720:49:04.3040.962      0.962      Paused by player, Unpause by player
8    12:23:45.403   18720:49:04.80318720:49:06.2811.478      1.478      Paused by player, Unpause by player
9    12:23:45.953   18720:49:06.80218720:49:08.9052.103      2.103      Paused by player, Unpause by player
10   12:23:46.703   18720:49:09.62518720:49:10.3180.693      0.693      Paused by player, Unpause by player
11   12:23:47.403   18720:49:10.99318720:49:11.5640.571      0.571      Paused by player, Unpause by player
12   12:26:29.553   18720:51:53.70918720:51:58.7955.086      5.086      Paused by player, Unpause by player
0    12:31:56.503   18720:57:25.73318721:25:59.9591714.226              Paused by player, Unpause by rendered
0    12:32:08.668   18721:26:12.16718721:41:52.627940.460               Paused by player, Unpause by rendered
1    12:34:40.863   18721:44:24.79718721:44:28.6693.872      3.872      Paused by player, Unpause by player
0    12:34:44.713   18721:44:32.52918723:14:27.1775394.648              Paused by player, Unpause by rendered
0    12:35:00.697   18723:14:43.17018723:16:07.44684.276                Paused by player, Unpause by changed look direction
0    12:35:01.307   18723:16:07.97818726:04:10.96310082.985             Paused by player, Unpause by rendered
0    12:35:01.795   18726:04:11.44118726:11:28.659437.218               Paused by player, Unpause by changed look direction
0    12:38:57.597   18726:15:24.40018726:18:55.557211.157               Paused by player, Unpause by changed look direction
1    12:41:35.099   18726:21:32.95318726:21:34.4131.460      1.460      Paused by player, Unpause by player
2    12:41:35.799   18726:21:35.10618726:21:42.9407.834      7.834      Paused by player, Unpause by player
3    12:41:40.499   18726:21:47.63518726:21:53.3395.704      5.704      Paused by player, Unpause by player
4    12:41:46.899   18726:21:59.74118726:22:06.9627.221      7.221      Paused by player, Unpause by player
5    12:41:48.499   18726:22:08.53618726:22:10.8012.265      2.265      Paused by player, Unpause by player
6    12:41:53.349   18726:22:15.66318726:22:57.08641.423     41.423     Paused by player, Unpause by player
7    12:46:43.649   18726:27:47.36518726:27:47.9630.598      0.598      Paused by player, Unpause by player
8    12:46:49.599   18726:27:53.87418726:27:55.0421.168      1.168      Paused by player, Unpause by player
9    12:46:49.949   18726:27:55.39018726:27:56.9911.601      1.601      Paused by player, Unpause by player
10   12:46:50.449   18726:27:57.48318726:27:59.4281.945      1.945      Paused by player, Unpause by player
11   12:46:55.799   18726:28:04.73318726:28:11.5036.770      6.770      Paused by player, Unpause by player
12   12:47:10.499   18726:28:26.18018726:28:58.82632.646     32.646     Paused by player, Unpause by player
13   12:47:23.099   18726:29:11.40118726:29:16.2834.882      4.882      Paused by player, Unpause by player
14   12:47:27.099   18726:29:20.29418726:29:26.7256.431      6.431      Paused by player, Unpause by player
15   12:47:28.299   18726:29:27.89618726:29:29.1041.208      1.208      Paused by player, Unpause by player
16   12:47:28.699   18726:29:29.46518726:29:30.2350.770      0.770      Paused by player, Unpause by player
17   12:47:28.999   18726:29:30.53118726:30:10.52539.994     39.994     Paused by player, Unpause by player
18   12:48:24.249   18726:31:05.76518726:31:06.6000.835      0.835      Paused by player, Unpause by player
19   12:48:41.849   18726:31:24.19818726:31:28.4894.291      4.291      Paused by player, Unpause by player
20   12:48:46.099   18726:31:32.69618726:32:01.26528.569     28.569     Paused by player, Unpause by player
21   12:48:48.499   18726:32:03.66118726:32:04.6971.036      1.036      Paused by player, Unpause by player
22   12:49:01.249   18726:32:17.41018726:33:03.37845.968     45.968     Paused by player, Unpause by player
23   12:49:04.549   18726:33:06.69018726:33:07.2880.598      0.598      Paused by player, Unpause by player
24   12:49:17.749   18726:33:20.47418726:33:31.38010.906     10.906     Paused by player, Unpause by player
25   12:51:38.399   18726:35:52.05618726:35:52.6300.574      0.574      Paused by player, Unpause by player
26   12:57:53.449   18726:42:07.68918726:42:08.2500.561      0.561      Paused by player, Unpause by player
27   12:58:07.849   18726:42:22.65318726:42:23.1570.504      0.504      Paused by player, Unpause by player
28   12:59:26.999   18726:43:42.32818726:47:29.450227.122    227.122    Paused by player, Unpause by player
29   13:01:01.899   18726:49:04.32418726:49:04.7150.391      0.391      Paused by player, Unpause by player
30   13:03:29.499   18726:51:32.30218727:40:29.5042937.202   2937.202   Paused by player, Unpause by player
31   13:05:20.049   18727:42:20.03618727:42:20.2200.184      0.184      Paused by player, Unpause by player
0    13:06:31.149   18727:43:31.32518734:48:50.89025519.565             Paused by player, Unpause by rendered
0    13:06:46.844   18734:49:06.61618735:04:15.561908.945               Paused by player, Unpause by rendered
1    13:06:57.964   18735:04:26.67618735:18:03.304816.628               Paused by player, Unpause by rendered
2    13:08:40.063   18735:19:45.39618735:19:45.8160.420      0.420      Paused by player, Unpause by player
0    13:09:24.463   18735:20:30.24318735:27:28.125417.882               Paused by player, Unpause by rendered
0    13:10:08.833   18735:28:12.48818750:53:41.52755529.039             Paused by player, Unpause by rendered
1    13:10:20.031   18750:53:52.77318750:53:53.3080.535      0.535      Paused by player, Unpause by player
0    13:11:32.931   18750:55:06.17218776:26:32.71991886.547             Paused by player, Unpause by rendered
1    13:11:38.112   18776:26:37.91418776:26:38.7810.867      0.867      Paused by player, Unpause by player
0    13:14:17.062   18776:29:17.76018777:40:56.8094299.049              Paused by player, Unpause by changed look direction
1    13:14:38.863   18777:41:18.54918777:41:19.4250.876      0.876      Paused by player, Unpause by player
2    13:14:39.313   18777:41:19.87618777:41:20.7210.845      0.845      Paused by player, Unpause by player
3    13:14:39.613   18777:41:21.02118777:41:22.8291.808      1.808      Paused by player, Unpause by player
4    13:14:56.263   18777:41:39.47218777:41:47.8848.412      8.412      Paused by player, Unpause by player
5    13:15:03.813   18777:41:55.40718777:42:01.6446.237      6.237      Paused by player, Unpause by player
6    13:16:42.663   18777:43:40.48018777:43:41.5181.038      1.038      Paused by player, Unpause by player
7    13:16:55.163   18777:43:54.02018777:44:02.3438.323      8.323      Paused by player, Unpause by player
8    13:18:53.863   18777:46:01.01618777:46:01.2260.210      0.210      Paused by player, Unpause by player
9    13:18:54.063   18777:46:01.42918777:46:05.6844.255      4.255      Paused by player, Unpause by player
10   13:24:10.963   18777:51:22.54818777:51:22.7730.225      0.225      Paused by player, Unpause by player
11   13:25:53.463   18777:53:05.30318777:55:45.375160.072    160.072    Paused by player, Unpause by player
0    13:27:13.713   18777:57:05.59518779:34:14.9015829.306              Paused by player, Unpause by changed look direction
0    13:27:30.864   18779:34:32.05118779:49:07.264875.213               Paused by player, Unpause by rendered
0    13:28:06.009   18779:49:42.41118780:10:05.6811223.270              Paused by player, Unpause by changed look direction
1    13:28:57.961   18780:10:57.60518785:16:48.59918350.994             Paused by player, Unpause by rendered
2    13:28:59.207   18785:16:49.90018785:16:51.9592.059                 Paused by player, Unpause by player / changed options (3)
3    13:29:08.557   18785:17:01.30518785:17:03.7622.457      2.457      Paused by player, Unpause by player
0    13:29:53.357   18785:17:48.59918785:31:01.638793.039               Paused by player, Unpause by rendered
0    13:31:18.227   18785:32:26.50318785:32:49.48022.977                Paused by player, Unpause by rendered
0    13:31:38.026   18785:33:09.31418785:42:46.892577.578               Paused by player, Unpause by rendered
0    13:31:55.472   18785:43:04.34918785:58:28.588924.239               Paused by player, Unpause by changed look direction
1    13:35:03.523   18786:01:36.61018786:01:51.05014.440     14.440     Paused by player, Unpause by player
2    13:37:13.223   18786:04:00.77418786:04:01.3240.550      0.550      Paused by player, Unpause by player
0    13:37:13.423   18786:04:01.49818786:34:07.1251805.627              Paused by player, Unpause by rendered
0    13:41:40.868   18786:38:34.60318797:55:32.23140617.628             Paused by player, Unpause by rendered
1    13:45:10.108   18797:59:01.45618797:59:02.4470.991      0.991      Paused by player, Unpause by player
2    13:45:13.558   18797:59:05.88018797:59:10.0314.151      4.151      Paused by player, Unpause by player
3    13:53:30.008   18798:07:26.42918798:07:32.8756.446      6.446      Paused by player, Unpause by player
4    13:56:31.858   18798:10:34.68318798:10:39.6995.016      5.016      Paused by player, Unpause by player
5    14:01:32.858   18798:15:40.68518798:15:48.9888.303      8.303      Paused by player, Unpause by player
6    14:04:09.658   18798:18:25.78018798:18:36.80811.028     11.028     Paused by player, Unpause by player
7    14:04:13.058   18798:18:40.16918798:18:44.2164.047      4.047      Paused by player, Unpause by player
8    14:04:15.258   18798:18:46.37418798:18:51.8255.451      5.451      Paused by player, Unpause by player
9    14:04:17.208   18798:18:53.73718798:18:59.9666.229      6.229      Paused by player, Unpause by player
10   14:04:57.758   18798:19:40.49418798:19:42.9022.408      2.408      Paused by player, Unpause by player
11   14:07:56.308   18798:22:41.43118798:22:42.1660.735      0.735      Paused by player, Unpause by player
12   14:08:14.008   18798:22:59.85918798:23:01.1531.294      1.294      Paused by player, Unpause by player
13   14:09:08.408   18798:23:55.54318798:23:56.4400.897      0.897      Paused by player, Unpause by player
14   14:11:47.858   18798:26:35.88518798:26:36.8911.006      1.006      Paused by player, Unpause by player
15   14:12:28.208   18798:27:17.23118798:27:18.6961.465      1.465      Paused by player, Unpause by player
16   14:12:29.308   18798:27:19.77118798:27:21.5351.764      1.764      Paused by player, Unpause by player
17   14:12:31.008   18798:27:23.20118798:27:27.9304.729      4.729      Paused by player, Unpause by player
18   14:12:33.908   18798:27:30.80818798:27:35.1774.369      4.369      Paused by player, Unpause by player
19   14:12:36.108   18798:27:37.34918798:27:42.7385.389      5.389      Paused by player, Unpause by player
20   14:12:37.758   18798:27:44.37218798:27:49.4975.125      5.125      Paused by player, Unpause by player
21   14:13:08.408   18798:28:20.10218798:28:21.8941.792      1.792      Paused by player, Unpause by player
22   14:18:33.058   18798:33:46.50718798:33:47.3640.857      0.857      Paused by player, Unpause by player
23   14:18:43.758   18798:33:58.02518798:33:58.4520.427      0.427      Paused by player, Unpause by player
24   14:20:34.158   18798:35:48.83518798:35:51.0672.232      2.232      Paused by player, Unpause by player
25   14:22:37.458   18798:37:54.36918798:38:01.3306.961      6.961      Paused by player, Unpause by player
26   14:28:53.158   18798:44:17.00918798:44:17.8160.807      0.807      Paused by player, Unpause by player
27   14:30:50.708   18798:46:15.34818798:46:15.9760.628      0.628      Paused by player, Unpause by player
28   14:31:42.258   18798:47:07.54118798:47:07.9560.415      0.415      Paused by player, Unpause by player
29   14:33:57.308   18798:49:23.01318798:49:34.65011.637     11.637     Paused by player, Unpause by player
30   14:34:09.058   18798:49:46.36218798:49:50.2433.881      3.881      Paused by player, Unpause by player
31   14:41:23.008   18798:57:04.19918798:57:33.75729.558     29.558     Paused by player, Unpause by player
32   14:41:42.458   18798:57:53.18918798:58:01.4188.229      8.229      Paused by player, Unpause by player
33   14:41:50.408   18798:58:09.33518798:58:09.8740.539      0.539      Paused by player, Unpause by player
34   14:42:03.008   18798:58:22.46318798:58:31.9709.507      9.507      Paused by player, Unpause by player
35   14:44:02.408   18799:00:31.34518799:00:37.6546.309      6.309      Paused by player, Unpause by player
0    14:44:45.858   18799:01:21.08418815:20:36.52158755.437             Paused by player, Unpause by rendered
1    14:45:01.021   18815:20:51.66418815:24:15.489203.825    203.825    Paused by player, Unpause by player
0    14:45:01.521   18815:24:15.90418819:05:03.13313247.229             Paused by player, Unpause by moved mouse
1    14:45:01.739   18819:05:03.37618819:05:03.8540.478      0.478      Paused by player, Unpause by player
2    15:01:21.189   18819:21:23.30618819:21:23.7020.396      0.396      Paused by player, Unpause by player
3    15:26:18.639   18819:46:21.15018819:46:21.6370.487      0.487      Paused by player, Unpause by player
4    15:41:57.639   18820:02:00.63118820:02:00.9450.314      0.314      Paused by player, Unpause by player
0    16:09:00.439   18820:29:03.73318820:30:30.17386.440                Paused by player, Unpause by rendered
1    16:10:15.477   18820:31:45.19518820:31:46.5271.332      1.332      Paused by player, Unpause by player
0    16:10:16.477   18820:31:47.54318822:48:53.7998226.256              Paused by player, Unpause by rendered
0    16:10:31.847   18822:49:09.18318822:49:15.6166.433                 Paused by player, Unpause by rendered
0    16:10:49.084   18822:49:32.85318824:39:07.5416574.688              Paused by player, Unpause by rendered
1    16:48:57.862   18825:17:16.65618825:17:16.9010.245      0.245      Paused by player, Unpause by player
2    16:49:03.712   18825:17:22.77918825:17:23.1790.400      0.400      Paused by player, Unpause by player
3    16:49:04.562   18825:17:24.04518825:17:24.7430.698      0.698      Paused by player, Unpause by player
4    17:01:55.362   18825:30:15.61118825:31:54.67899.067     99.067     Paused by player, Unpause by player
5    17:04:02.662   18825:34:01.98818825:34:18.98016.992     16.992     Paused by player, Unpause by player
6    17:04:39.312   18825:34:55.66418825:35:06.51310.849     10.849     Paused by player, Unpause by player
7    17:06:37.612   18825:37:04.82018825:37:13.5688.748      8.748      Paused by player, Unpause by player
8    17:07:01.212   18825:37:37.16218825:37:44.4047.242      7.242      Paused by player, Unpause by player
9    17:07:17.362   18825:38:00.55818825:38:11.83011.272     11.272     Paused by player, Unpause by player
10   17:07:23.662   18825:38:18.12018825:38:24.0795.959      5.959      Paused by player, Unpause by player
11   17:07:29.262   18825:38:29.64018825:38:41.81812.178     12.178     Paused by player, Unpause by player
12   17:07:31.562   18825:38:44.10218825:38:53.7069.604      9.604      Paused by player, Unpause by player
13   17:07:38.762   18825:39:00.88318825:39:03.4372.554      2.554      Paused by player, Unpause by player
14   17:07:42.112   18825:39:06.76018825:39:20.18313.423     13.423     Paused by player, Unpause by player
15   17:07:47.612   18825:39:25.68318825:39:30.6554.972      4.972      Paused by player, Unpause by player
16   17:08:09.112   18825:39:52.13318825:39:53.7861.653      1.653      Paused by player, Unpause by player
17   17:08:11.062   18825:39:55.70618825:40:09.38513.679     13.679     Paused by player, Unpause by player
18   17:08:17.312   18825:40:15.62718825:40:16.7571.130      1.130      Paused by player, Unpause by player
19   17:08:30.312   18825:40:29.71918825:40:33.2253.506      3.506      Paused by player, Unpause by player
20   17:08:39.462   18825:40:42.37518825:40:43.2370.862      0.862      Paused by player, Unpause by player
21   17:08:40.012   18825:40:43.77418825:40:46.2352.461      2.461      Paused by player, Unpause by player
22   17:08:40.912   18825:40:47.10918825:40:48.1511.042      1.042      Paused by player, Unpause by player
23   17:09:10.212   18825:41:17.43418825:41:22.2334.799      4.799      Paused by player, Unpause by player
24   17:09:15.612   18825:41:27.62618825:41:34.5536.927      6.927      Paused by player, Unpause by player
25   17:09:53.512   18825:42:12.41318825:42:13.0730.660      0.660      Paused by player, Unpause by player
26   17:09:54.012   18825:42:13.56918825:42:14.9621.393      1.393      Paused by player, Unpause by player
27   17:09:56.962   18825:42:17.86618825:42:21.2513.385      3.385      Paused by player, Unpause by player
28   17:09:57.462   18825:42:21.71918825:42:22.4780.759      0.759      Paused by player, Unpause by player
29   17:09:58.962   18825:42:23.93918825:42:30.1506.211      6.211      Paused by player, Unpause by player
30   17:09:59.512   18825:42:30.69318825:42:33.5782.885      2.885      Paused by player, Unpause by player
31   17:10:00.212   18825:42:34.23718825:42:35.2250.988      0.988      Paused by player, Unpause by player
32   17:10:00.612   18825:42:35.59718825:42:37.1031.506      1.506      Paused by player, Unpause by player
33   17:11:43.112   18825:44:19.57318825:44:44.28924.716     24.716     Paused by player, Unpause by player
34   17:12:00.912   18825:45:02.08118825:45:07.3635.282      5.282      Paused by player, Unpause by player
35   17:12:11.162   18825:45:17.57318825:45:34.20516.632     16.632     Paused by player, Unpause by player
36   17:13:50.712   18825:47:13.73918825:47:14.1440.405      0.405      Paused by player, Unpause by player
37   17:14:02.712   18825:47:26.11618825:47:27.2481.132      1.132      Paused by player, Unpause by player
38   17:14:03.162   18825:47:27.68518825:47:36.5338.848      8.848      Paused by player, Unpause by player
39   17:14:04.712   18825:47:38.07318825:47:39.5711.498      1.498      Paused by player, Unpause by player
40   17:14:08.262   18825:47:43.10818825:47:45.2502.142      2.142      Paused by player, Unpause by player
41   17:14:10.612   18825:47:47.59618825:48:00.98213.386     13.386     Paused by player, Unpause by player
42   17:14:32.512   18825:48:22.86418825:48:27.7374.873      4.873      Paused by player, Unpause by player
43   17:14:37.812   18825:48:33.02018825:48:36.9053.885      3.885      Paused by player, Unpause by player
44   17:14:38.212   18825:48:37.30018825:48:38.1340.834      0.834      Paused by player, Unpause by player
45   17:14:39.012   18825:48:38.89418825:48:42.0893.195      3.195      Paused by player, Unpause by player
46   17:14:39.612   18825:48:42.65318825:48:44.2151.562      1.562      Paused by player, Unpause by player
47   17:14:40.312   18825:48:44.91618825:48:47.7172.801      2.801      Paused by player, Unpause by player
48   17:14:40.812   18825:48:48.21818825:48:49.7031.485      1.485      Paused by player, Unpause by player
49   17:14:41.512   18825:48:50.36818825:49:06.28215.914     15.914     Paused by player, Unpause by player
50   17:14:55.912   18825:49:20.68418825:49:21.5270.843      0.843      Paused by player, Unpause by player
51   17:14:56.612   18825:49:22.18318825:49:49.60127.418     27.418     Paused by player, Unpause by player
52   17:15:22.712   18825:50:15.68818825:50:16.5530.865      0.865      Paused by player, Unpause by player
53   17:15:23.062   18825:50:16.87518825:50:18.0681.193      1.193      Paused by player, Unpause by player
54   17:15:23.462   18825:50:18.44418825:50:38.47220.028     20.028     Paused by player, Unpause by player
55   17:15:36.612   18825:50:51.62518825:51:15.04823.423     23.423     Paused by player, Unpause by player
56   17:15:45.612   18825:51:24.02718825:51:24.6780.651      0.651      Paused by player, Unpause by player
57   17:15:45.912   18825:51:24.95118825:51:30.3565.405      5.405      Paused by player, Unpause by player
58   17:22:24.912   18825:58:09.35418825:58:12.6483.294      3.294      Paused by player, Unpause by player
0    17:25:24.812   18826:01:12.56818826:01:47.87635.308                Paused by player, Unpause by rendered
1    17:25:36.156   18826:01:59.22118826:02:37.74638.525     38.525     Paused by player, Unpause by player
0    17:25:47.706   18826:02:49.27918826:03:01.34812.069                Paused by player, Unpause by rendered
1    17:26:20.026   18826:03:33.66018826:03:34.8411.181      1.181      Paused by player, Unpause by player
2    17:26:22.176   18826:03:36.97518826:03:44.8147.839      7.839      Paused by player, Unpause by player
3    17:27:25.326   18826:04:47.97018826:04:49.2071.237      1.237      Paused by player, Unpause by player
4    17:27:27.126   18826:04:50.96518826:04:51.6460.681      0.681      Paused by player, Unpause by player
5    17:27:35.276   18826:04:59.77018826:05:00.8931.123      1.123      Paused by player, Unpause by player
6    17:30:17.576   18826:07:43.22818826:07:44.1970.969                 Paused by player, Unpause by player / changed option
7    17:30:24.926   18826:07:51.56718826:07:52.1150.548      0.548      Paused by player, Unpause by player
8    17:30:25.276   18826:07:52.47218826:07:53.1080.636                 Paused by player, Unpause by player / changed option
9    17:30:30.426   18826:07:58.25118826:07:59.2951.044      1.044      Paused by player, Unpause by player
10   17:31:13.376   18826:08:42.24218826:08:42.7070.465      0.465      Paused by player, Unpause by player
11   17:31:24.326   18826:08:53.64018826:09:26.67733.037     33.037     Paused by player, Unpause by player
12   17:31:24.976   18826:09:27.33118826:09:29.3822.051                 Paused by player, Unpause by player / changed option
13   17:31:26.626   18826:09:31.10018826:09:32.4121.312                 Paused by player, Unpause by player / changed option
14   17:31:47.376   18826:09:53.13418826:09:53.9820.848                 Paused by player, Unpause by player / changed option
0    17:39:08.876   18826:17:15.46318826:18:17.25961.796                Paused by player, Unpause by rendered
1    17:40:35.722   18826:19:44.09118826:19:44.7030.612      0.612      Paused by player, Unpause by player
2    17:40:36.322   18826:19:45.27318826:19:46.0850.812      0.812      Paused by player, Unpause by player
3    17:40:36.972   18826:19:46.69618826:19:47.4640.768      0.768      Paused by player, Unpause by player
4    17:40:37.572   18826:19:48.05518826:19:49.5041.449      1.449      Paused by player, Unpause by player
5    17:40:38.222   18826:19:50.13918826:19:51.0690.930      0.930      Paused by player, Unpause by player
6    17:40:47.922   18826:20:00.72818826:20:02.5521.824      1.824      Paused by player, Unpause by player
7    17:40:48.922   18826:20:03.53118826:20:04.6831.152      1.152      Paused by player, Unpause by player
8    17:40:49.472   18826:20:05.21118826:20:06.2521.041      1.041      Paused by player, Unpause by player
9    17:40:58.122   18826:20:14.88918826:20:16.9632.074      2.074      Paused by player, Unpause by player
10   17:41:09.372   18826:20:28.21818826:20:28.9380.720      0.720      Paused by player, Unpause by player
11   17:41:21.422   18826:20:40.96918826:20:45.3834.414      4.414      Paused by player, Unpause by player
12   17:41:30.922   18826:20:54.84418826:21:05.25110.407     10.407     Paused by player, Unpause by player
13   17:41:39.172   18826:21:13.46018826:21:27.01813.558     13.558     Paused by player, Unpause by player
14   17:41:46.222   18826:21:34.06818826:21:34.9240.856      0.856      Paused by player, Unpause by player
15   17:41:54.372   18826:21:43.07218826:21:48.0214.949      4.949      Paused by player, Unpause by player
16   17:42:16.222   18826:22:09.86818826:22:10.2990.431      0.431      Paused by player, Unpause by player
17   17:42:16.672   18826:22:10.72518826:22:11.6240.899      0.899      Paused by player, Unpause by player
18   17:42:17.072   18826:22:11.99518826:22:12.7040.709      0.709      Paused by player, Unpause by player
19   17:42:17.522   18826:22:13.10918826:22:13.7950.686      0.686      Paused by player, Unpause by player
20   17:42:17.872   18826:22:14.11618826:22:14.7650.649      0.649      Paused by player, Unpause by player
21   17:42:18.222   18826:22:15.08618826:22:15.7720.686      0.686      Paused by player, Unpause by player
22   17:42:28.922   18826:22:26.46118826:22:27.2830.822      0.822      Paused by player, Unpause by player
23   17:42:45.522   18826:22:43.84018826:22:46.7182.878      2.878      Paused by player, Unpause by player
24   17:42:52.172   18826:22:53.34218826:22:54.1490.807      0.807      Paused by player, Unpause by player
25   17:42:54.372   18826:22:56.32518826:22:57.5661.241      1.241      Paused by player, Unpause by player
26   17:43:09.172   18826:23:12.34218826:23:13.5601.218      1.218      Paused by player, Unpause by player
27   17:43:09.722   18826:23:14.06718826:23:15.2351.168      1.168      Paused by player, Unpause by player
28   17:43:10.072   18826:23:15.57518826:23:16.4340.859      0.859      Paused by player, Unpause by player
29   17:43:10.472   18826:23:16.82218826:23:18.0471.225      1.225      Paused by player, Unpause by player
30   17:43:11.022   18826:23:18.60118826:23:20.9582.357      2.357      Paused by player, Unpause by player
31   17:43:11.472   18826:23:21.39618826:23:21.9410.545      0.545      Paused by player, Unpause by player
32   17:43:14.822   18826:23:25.29618826:23:25.9530.657      0.657      Paused by player, Unpause by player
33   17:43:15.172   18826:23:26.29818826:23:27.6991.401      1.401      Paused by player, Unpause by player
34   17:43:15.522   18826:23:28.04218826:23:32.5594.517      4.517      Paused by player, Unpause by player
35   17:43:16.322   18826:23:33.33918826:23:33.7900.451      0.451      Paused by player, Unpause by player
36   17:43:16.672   18826:23:34.12218826:23:36.5512.429      2.429      Paused by player, Unpause by player
37   17:43:17.322   18826:23:37.20018826:23:40.5273.327      3.327      Paused by player, Unpause by player
38   17:43:19.272   18826:23:42.45118826:23:47.5585.107      5.107      Paused by player, Unpause by player
39   17:43:50.872   18826:24:19.13118826:24:20.2331.102      1.102      Paused by player, Unpause by player
40   17:43:52.122   18826:24:21.44718826:24:37.43015.983     15.983     Paused by player, Unpause by player
41   17:43:54.022   18826:24:39.31318826:24:42.1732.860      2.860      Paused by player, Unpause by player
42   17:43:59.322   18826:24:47.44418826:24:49.7412.297      2.297      Paused by player, Unpause by player
43   17:44:04.572   18826:24:54.96418826:24:55.5330.569      0.569      Paused by player, Unpause by player
44   17:44:06.272   18826:24:57.23518826:25:03.4496.214      6.214      Paused by player, Unpause by player
45   17:44:07.072   18826:25:04.23418826:25:05.5171.283      1.283      Paused by player, Unpause by player
46   17:44:07.422   18826:25:05.86518826:25:07.8051.940      1.940      Paused by player, Unpause by player
47   17:44:08.372   18826:25:08.70918826:25:11.4942.785      2.785      Paused by player, Unpause by player
48   17:44:09.022   18826:25:12.11218826:25:15.2993.187      3.187      Paused by player, Unpause by player
49   17:44:09.572   18826:25:15.83918826:25:16.3600.521      0.521      Paused by player, Unpause by player
50   17:44:09.922   18826:25:16.67418826:25:24.1597.485      7.485      Paused by player, Unpause by player
51   17:44:38.922   18826:25:53.14718826:25:53.8660.719      0.719      Paused by player, Unpause by player
52   17:44:40.372   18826:25:55.28618826:26:10.03314.747     14.747     Paused by player, Unpause by player
53   17:44:44.972   18826:26:14.61218826:26:21.7467.134      7.134      Paused by player, Unpause by player
54   17:44:45.772   18826:26:22.54718826:26:23.0650.518      0.518      Paused by player, Unpause by player
55   18:17:14.172   18826:58:51.49218826:58:52.0560.564      0.564      Paused by player, Unpause by player
56   18:17:14.522   18826:58:52.37118826:58:53.9331.562      1.562      Paused by player, Unpause by player
57   18:17:17.072   18826:58:56.44318826:58:57.5241.081      1.081      Paused by player, Unpause by player
58   18:17:17.522   18826:58:57.94718826:58:58.6260.679      0.679      Paused by player, Unpause by player
59   18:17:37.572   18826:59:18.67018826:59:20.5981.928      1.928      Paused by player, Unpause by player
60   18:17:38.172   18826:59:21.16518826:59:27.2486.083      6.083      Paused by player, Unpause by player
61   18:17:39.222   18826:59:28.28118826:59:30.1361.855      1.855      Paused by player, Unpause by player
62   18:17:40.772   18826:59:31.66118826:59:34.7953.134      3.134      Paused by player, Unpause by player
63   18:17:46.872   18826:59:40.88118826:59:42.0451.164      1.164      Paused by player, Unpause by player
64   18:17:56.122   18826:59:51.27218826:59:52.2821.010      1.010      Paused by player, Unpause by player
65   18:17:57.072   18826:59:53.19118826:59:59.4426.251      6.251      Paused by player, Unpause by player
66   18:18:04.322   18827:00:06.64518827:00:07.1950.550      0.550      Paused by player, Unpause by player
67   18:18:08.322   18827:00:11.16018827:00:11.5720.412      0.412      Paused by player, Unpause by player
68   18:18:08.672   18827:00:11.86818827:00:12.4560.588      0.588      Paused by player, Unpause by player
69   18:18:11.422   18827:00:15.17618827:00:20.3975.221      5.221      Paused by player, Unpause by player
70   18:18:17.622   18827:00:26.59818827:00:34.2877.689      7.689      Paused by player, Unpause by player
71   18:18:19.172   18827:00:35.84118827:00:44.3628.521      8.521      Paused by player, Unpause by player
72   18:18:22.922   18827:00:48.09918827:00:54.1626.063      6.063      Paused by player, Unpause by player
73   18:18:39.572   18827:01:10.77918827:01:17.9417.162      7.162      Paused by player, Unpause by player
74   18:18:49.822   18827:01:28.15118827:01:32.3304.179      4.179      Paused by player, Unpause by player
75   18:18:52.872   18827:01:35.36918827:01:36.2120.843      0.843      Paused by player, Unpause by player
76   18:18:53.222   18827:01:36.56318827:01:37.5300.967      0.967      Paused by player, Unpause by player
77   18:18:53.572   18827:01:37.85018827:01:39.1151.265      1.265      Paused by player, Unpause by player
78   18:18:55.622   18827:01:41.13218827:01:41.5820.450      0.450      Paused by player, Unpause by player
79   18:19:00.622   18827:01:46.58518827:01:47.3260.741      0.741      Paused by player, Unpause by player
80   18:19:06.222   18827:01:52.89418827:02:09.30016.406     16.406     Paused by player, Unpause by player
81   18:19:16.622   18827:02:19.70618827:02:30.46010.754     10.754     Paused by player, Unpause by player
82   18:19:19.522   18827:02:33.35118827:02:45.43212.081     12.081     Paused by player, Unpause by player
83   18:19:24.172   18827:02:50.04618827:02:50.5440.498      0.498      Paused by player, Unpause by player
84   18:19:30.272   18827:02:56.62018827:02:59.8353.215      3.215      Paused by player, Unpause by player
85   18:19:32.222   18827:03:01.78718827:03:08.3166.529      6.529      Paused by player, Unpause by player
86   18:19:33.272   18827:03:09.33718827:03:11.8852.548      2.548      Paused by player, Unpause by player
87   18:19:36.372   18827:03:14.95118827:03:15.6000.649      0.649      Paused by player, Unpause by player
88   18:19:52.122   18827:03:31.31818827:03:32.0980.780      0.780      Paused by player, Unpause by player
89   18:19:52.522   18827:03:32.48818827:03:33.6941.206      1.206      Paused by player, Unpause by player
90   18:19:52.972   18827:03:34.12818827:03:34.5080.380      0.380      Paused by player, Unpause by player
91   18:19:53.322   18827:03:34.86218827:03:35.6480.786      0.786      Paused by player, Unpause by player
92   18:19:55.472   18827:03:37.76918827:03:40.3932.624      2.624      Paused by player, Unpause by player
93   18:20:04.072   18827:03:48.97618827:03:49.5110.535      0.535      Paused by player, Unpause by player
94   18:20:04.522   18827:03:49.96918827:03:51.8001.831      1.831      Paused by player, Unpause by player
95   18:20:05.022   18827:03:52.27218827:03:54.2231.951      1.951      Paused by player, Unpause by player
96   18:20:13.072   18827:04:02.25018827:04:03.1270.877      0.877      Paused by player, Unpause by player
97   18:20:13.322   18827:04:03.37118827:04:04.0340.663      0.663      Paused by player, Unpause by player
98   18:20:13.722   18827:04:04.41418827:04:06.4872.073      2.073      Paused by player, Unpause by player
99   18:20:14.322   18827:04:07.04218827:04:07.7600.718      0.718      Paused by player, Unpause by player
100  18:20:14.622   18827:04:08.04818827:04:08.5630.515      0.515      Paused by player, Unpause by player
101  18:20:14.972   18827:04:08.88418827:04:09.2070.323      0.323      Paused by player, Unpause by player
102  18:20:16.722   18827:04:10.95918827:04:11.7140.755      0.755      Paused by player, Unpause by player
103  18:20:18.022   18827:04:13.00918827:04:13.6830.674      0.674      Paused by player, Unpause by player
104  18:20:30.322   18827:04:25.95218827:04:28.0482.096      2.096      Paused by player, Unpause by player
105  18:20:31.272   18827:04:28.97418827:04:33.1604.186      4.186      Paused by player, Unpause by player
106  18:20:31.972   18827:04:33.83918827:04:34.9311.092      1.092      Paused by player, Unpause by player
107  18:20:32.322   18827:04:35.26518827:04:35.8700.605      0.605      Paused by player, Unpause by player
108  18:20:32.672   18827:04:36.19918827:04:38.1281.929      1.929      Paused by player, Unpause by player
109  18:20:38.272   18827:04:43.71718827:04:44.8901.173      1.173      Paused by player, Unpause by player
110  18:20:38.772   18827:04:45.36418827:04:46.7151.351      1.351      Paused by player, Unpause by player
111  18:20:45.572   18827:04:53.47918827:04:54.6971.218      1.218      Paused by player, Unpause by player
112  18:20:49.772   18827:04:58.89718827:04:59.9101.013      1.013      Paused by player, Unpause by player
113  18:20:50.172   18827:05:00.29518827:05:00.8660.571      0.571      Paused by player, Unpause by player
114  18:20:50.822   18827:05:01.47818827:05:02.2850.807      0.807      Paused by player, Unpause by player
115  18:20:51.172   18827:05:02.64118827:05:03.1040.463      0.463      Paused by player, Unpause by player
116  18:20:52.072   18827:05:03.99018827:05:17.20613.216     13.216     Paused by player, Unpause by player
117  18:20:54.872   18827:05:19.97718827:05:26.5136.536      6.536      Paused by player, Unpause by player
118  18:21:03.322   18827:05:34.94918827:05:39.4094.460      4.460      Paused by player, Unpause by player
119  18:21:06.922   18827:05:42.99418827:05:43.8520.858      0.858      Paused by player, Unpause by player
120  18:21:07.372   18827:05:44.27418827:05:44.8780.604      0.604      Paused by player, Unpause by player
121  18:21:07.722   18827:05:45.20118827:05:46.5201.319      1.319      Paused by player, Unpause by player
122  18:21:18.872   18827:05:57.67018827:06:03.1345.464      5.464      Paused by player, Unpause by player
123  18:21:25.472   18827:06:09.71418827:06:11.2841.570      1.570      Paused by player, Unpause by player
124  18:21:27.522   18827:06:13.34418827:06:17.7024.358      4.358      Paused by player, Unpause by player
125  18:21:47.922   18827:06:38.10118827:06:39.4341.333      1.333      Paused by player, Unpause by player
126  18:22:26.322   18827:07:17.79718827:07:18.9451.148      1.148      Paused by player, Unpause by player
127  18:22:29.672   18827:07:22.25818827:07:22.8060.548      0.548      Paused by player, Unpause by player
128  18:22:30.322   18827:07:23.42118827:07:24.3130.892      0.892      Paused by player, Unpause by player
129  18:22:35.972   18827:07:29.94118827:07:32.1882.247      2.247      Paused by player, Unpause by player
130  18:22:47.272   18827:07:43.47018827:07:46.9653.495      3.495      Paused by player, Unpause by player
131  18:22:57.222   18827:07:56.90018827:07:58.8001.900      1.900      Paused by player, Unpause by player
132  18:22:58.172   18827:07:59.72918827:08:00.4810.752      0.752      Paused by player, Unpause by player
133  18:22:58.822   18827:08:01.11118827:08:01.7330.622      0.622      Paused by player, Unpause by player
134  18:22:59.372   18827:08:02.28418827:08:02.9880.704      0.704      Paused by player, Unpause by player
135  18:23:00.122   18827:08:03.72818827:08:05.8472.119      2.119      Paused by player, Unpause by player
136  18:23:18.722   18827:08:24.41418827:08:30.4095.995      5.995      Paused by player, Unpause by player
137  18:23:27.722   18827:08:39.38018827:08:40.2710.891      0.891      Paused by player, Unpause by player
138  18:23:31.222   18827:08:43.75118827:08:44.8011.050      1.050      Paused by player, Unpause by player
139  18:23:34.472   18827:08:48.03118827:08:48.7180.687      0.687      Paused by player, Unpause by player
140  18:23:34.872   18827:08:49.11418827:08:54.5765.462      5.462      Paused by player, Unpause by player
141  18:23:49.222   18827:09:08.91318827:09:09.7360.823      0.823      Paused by player, Unpause by player
142  18:24:11.672   18827:09:32.14718827:09:33.0030.856      0.856      Paused by player, Unpause by player
143  18:24:35.122   18827:09:56.41318827:09:57.0960.683      0.683      Paused by player, Unpause by player
144  18:24:36.372   18827:09:58.31618827:10:01.0882.772      2.772      Paused by player, Unpause by player
145  18:24:39.372   18827:10:04.09118827:10:07.9613.870      3.870      Paused by player, Unpause by player
146  18:25:03.422   18827:10:31.98718827:10:36.6814.694      4.694      Paused by player, Unpause by player
147  18:25:06.322   18827:10:39.56118827:10:40.0470.486      0.486      Paused by player, Unpause by player
148  18:25:11.022   18827:10:44.74818827:10:45.4090.661      0.661      Paused by player, Unpause by player
149  18:25:29.272   18827:11:03.65018827:11:17.72214.072     14.072     Paused by player, Unpause by player
150  18:25:34.622   18827:11:23.04918827:11:24.1051.056      1.056      Paused by player, Unpause by player
151  18:25:53.572   18827:11:43.01518827:11:44.1541.139      1.139      Paused by player, Unpause by player
152  18:25:54.122   18827:11:44.67318827:11:45.0270.354      0.354      Paused by player, Unpause by player
153  18:26:36.572   18827:12:27.44318827:12:28.4190.976      0.976      Paused by player, Unpause by player
154  18:26:36.922   18827:12:28.75418827:12:29.2670.513      0.513      Paused by player, Unpause by player
155  18:26:37.222   18827:12:29.53618827:12:30.3010.765      0.765      Paused by player, Unpause by player
156  18:26:37.472   18827:12:30.54718827:12:30.9340.387      0.387      Paused by player, Unpause by player
157  18:26:39.022   18827:12:32.44718827:12:33.9221.475      1.475      Paused by player, Unpause by player
158  18:26:39.422   18827:12:34.30918827:12:35.5501.241      1.241      Paused by player, Unpause by player
159  18:26:48.072   18827:12:44.19818827:12:44.7120.514      0.514      Paused by player, Unpause by player
160  18:26:48.722   18827:12:45.33918827:12:46.9591.620      1.620      Paused by player, Unpause by player
161  18:26:52.272   18827:12:50.51018827:12:51.8781.368      1.368      Paused by player, Unpause by player
162  18:26:52.572   18827:12:52.15318827:12:53.8801.727      1.727      Paused by player, Unpause by player
163  18:26:52.922   18827:12:54.22618827:12:59.0084.782      4.782      Paused by player, Unpause by player
164  18:26:53.372   18827:12:59.41918827:13:00.1900.771      0.771      Paused by player, Unpause by player
165  18:26:53.722   18827:13:00.54918827:13:01.1090.560      0.560      Paused by player, Unpause by player
166  18:26:54.122   18827:13:01.48718827:13:02.4911.004      1.004      Paused by player, Unpause by player
167  18:26:55.722   18827:13:04.07218827:13:05.1531.081      1.081      Paused by player, Unpause by player
168  18:26:56.122   18827:13:05.54818827:13:06.5430.995      0.995      Paused by player, Unpause by player
169  18:26:57.922   18827:13:08.34218827:13:09.0030.661      0.661      Paused by player, Unpause by player
170  18:26:58.222   18827:13:09.28318827:13:10.6381.355      1.355      Paused by player, Unpause by player
171  18:27:01.672   18827:13:14.07418827:13:14.6230.549      0.549      Paused by player, Unpause by player
172  18:27:02.022   18827:13:14.95118827:13:16.0621.111      1.111      Paused by player, Unpause by player
173  18:27:02.572   18827:13:16.58518827:13:17.3750.790      0.790      Paused by player, Unpause by player
174  18:27:10.122   18827:13:24.91018827:13:25.7270.817      0.817      Paused by player, Unpause by player
175  18:27:10.522   18827:13:26.08518827:13:27.1461.061      1.061      Paused by player, Unpause by player
176  18:27:10.822   18827:13:27.44618827:13:28.7481.302      1.302      Paused by player, Unpause by player
177  18:27:11.272   18827:13:29.20018827:13:44.07514.875     14.875     Paused by player, Unpause by player
178  18:27:11.822   18827:13:44.59518827:13:45.8571.262      1.262      Paused by player, Unpause by player
179  18:27:12.272   18827:13:46.27318827:13:48.8602.587      2.587      Paused by player, Unpause by player
180  18:27:12.622   18827:13:49.17918827:13:50.3591.180      1.180      Paused by player, Unpause by player
181  18:27:14.722   18827:13:52.44718827:13:53.3240.877      0.877      Paused by player, Unpause by player
182  18:27:17.622   18827:13:56.17618827:13:57.3961.220      1.220      Paused by player, Unpause by player
183  18:27:25.072   18827:14:04.83818827:14:05.5440.706      0.706      Paused by player, Unpause by player
184  18:27:25.472   18827:14:05.92118827:14:06.3590.438      0.438      Paused by player, Unpause by player
185  18:27:25.872   18827:14:06.74818827:14:07.2370.489      0.489      Paused by player, Unpause by player
186  18:27:47.072   18827:14:28.44418827:14:28.9220.478      0.478      Paused by player, Unpause by player
187  18:27:47.422   18827:14:29.24718827:14:29.7540.507      0.507      Paused by player, Unpause by player
188  18:27:47.872   18827:14:30.16018827:14:30.7050.545      0.545      Paused by player, Unpause by player
189  18:27:48.322   18827:14:31.11918827:14:32.0640.945      0.945      Paused by player, Unpause by player
190  18:27:48.822   18827:14:32.53318827:14:33.4510.918      0.918      Paused by player, Unpause by player
191  18:27:49.322   18827:14:33.94918827:14:36.6692.720      2.720      Paused by player, Unpause by player
192  18:28:03.272   18827:14:50.59318827:14:53.9383.345      3.345      Paused by player, Unpause by player
193  18:28:54.472   18827:15:45.11918827:15:46.0510.932      0.932      Paused by player, Unpause by player
194  18:29:53.472   18827:16:45.05118827:16:45.7900.739      0.739      Paused by player, Unpause by player
195  18:29:53.822   18827:16:46.09518827:16:46.9510.856      0.856      Paused by player, Unpause by player
196  18:29:54.122   18827:16:47.25418827:16:49.9052.651      2.651      Paused by player, Unpause by player
197  18:30:01.672   18827:16:57.46418827:17:00.2472.783      2.783      Paused by player, Unpause by player
198  18:30:02.272   18827:17:00.81418827:17:01.5610.747      0.747      Paused by player, Unpause by player
199  18:30:02.772   18827:17:02.02718827:17:20.66118.634     18.634     Paused by player, Unpause by player
200  18:30:03.872   18827:17:21.74618827:17:22.2530.507      0.507      Paused by player, Unpause by player
201  18:30:04.322   18827:17:22.67218827:17:24.2561.584      1.584      Paused by player, Unpause by player
202  18:30:05.072   18827:17:24.98218827:17:29.8174.835      4.835      Paused by player, Unpause by player
203  18:30:15.572   18827:17:40.30818827:17:44.5224.214      4.214      Paused by player, Unpause by player
204  18:30:20.972   18827:17:49.88718827:17:59.3249.437      9.437      Paused by player, Unpause by player
205  18:30:30.872   18827:18:09.21418827:18:09.9460.732      0.732      Paused by player, Unpause by player
206  18:30:31.172   18827:18:10.24818827:18:17.1066.858      6.858      Paused by player, Unpause by player
207  18:30:33.122   18827:18:19.04618827:18:19.9230.877      0.877      Paused by player, Unpause by player
208  18:30:46.872   18827:18:33.64118827:18:42.5098.868      8.868      Paused by player, Unpause by player
209  18:31:17.572   18827:19:13.19718827:19:17.5724.375      4.375      Paused by player, Unpause by player
0    18:34:26.922   18827:22:26.89018827:23:14.10547.215                Paused by player, Unpause by rendered
1    18:35:27.834   18827:24:15.01618827:24:15.6300.614      0.614      Paused by player, Unpause by player
2    18:35:28.234   18827:24:16.03118827:24:18.2512.220      2.220      Paused by player, Unpause by player
3    18:35:34.534   18827:24:24.52818827:24:25.6451.117      1.117      Paused by player, Unpause by player
4    18:35:34.984   18827:24:26.05818827:24:26.6890.631      0.631      Paused by player, Unpause by player
5    18:35:35.334   18827:24:27.03018827:24:27.4580.428      0.428      Paused by player, Unpause by player
6    18:35:36.184   18827:24:28.26718827:24:30.0231.756      1.756      Paused by player, Unpause by player
7    18:35:43.584   18827:24:37.42718827:24:38.5401.113      1.113      Paused by player, Unpause by player
8    18:35:46.984   18827:24:41.92518827:24:42.4200.495      0.495      Paused by player, Unpause by player
9    18:36:01.984   18827:24:57.41818827:25:02.1484.730      4.730      Paused by player, Unpause by player
10   18:36:03.384   18827:25:03.50918827:25:04.4770.968      0.968      Paused by player, Unpause by player
11   18:36:07.834   18827:25:08.92318827:25:09.9281.005      1.005      Paused by player, Unpause by player
12   18:36:11.584   18827:25:13.66118827:25:18.4974.836      4.836      Paused by player, Unpause by player
13   18:36:15.234   18827:25:22.15418827:25:23.9311.777      1.777      Paused by player, Unpause by player
14   18:36:19.484   18827:25:28.15118827:25:29.6491.498      1.498      Paused by player, Unpause by player
15   18:36:49.884   18827:26:00.02518827:26:00.5570.532      0.532      Paused by player, Unpause by player
16   18:36:51.334   18827:26:01.99318827:26:02.3570.364      0.364      Paused by player, Unpause by player
17   18:37:21.684   18827:26:32.67918827:26:33.1490.470      0.470      Paused by player, Unpause by player
18   18:37:21.984   18827:26:33.45518827:26:34.7481.293      1.293      Paused by player, Unpause by player
19   18:37:26.734   18827:26:39.50118827:26:44.7945.293      5.293      Paused by player, Unpause by player
20   18:37:45.234   18827:27:03.26018827:27:18.62315.363     15.363     Paused by player, Unpause by player
21   18:37:49.634   18827:27:23.02118827:27:23.7090.688      0.688      Paused by player, Unpause by player
22   18:37:51.884   18827:27:25.91918827:27:26.3180.399      0.399      Paused by player, Unpause by player
23   18:37:52.384   18827:27:26.76618827:27:35.9289.162      9.162      Paused by player, Unpause by player
24   18:37:54.584   18827:27:38.12218827:27:38.6180.496      0.496      Paused by player, Unpause by player
25   18:37:55.534   18827:27:39.56918827:27:41.4471.878      1.878      Paused by player, Unpause by player
26   18:37:59.584   18827:27:45.47018827:27:46.9101.440      1.440      Paused by player, Unpause by player
27   18:38:02.134   18827:27:49.45318827:27:49.9450.492      0.492      Paused by player, Unpause by player
28   18:38:02.934   18827:27:50.74918827:27:51.2150.466      0.466      Paused by player, Unpause by player
29   18:38:12.784   18827:28:01.04918827:28:05.2844.235      4.235      Paused by player, Unpause by player
30   18:38:29.434   18827:28:21.93118827:28:43.48621.555     21.555     Paused by player, Unpause by player
31   18:38:35.634   18827:28:49.69518827:28:54.6474.952      4.952      Paused by player, Unpause by player
32   18:38:47.184   18827:29:06.19318827:29:13.4487.255      7.255      Paused by player, Unpause by player
33   18:38:48.184   18827:29:14.43418827:29:15.4871.053      1.053      Paused by player, Unpause by player
34   18:38:48.884   18827:29:16.17818827:29:17.2991.121      1.121      Paused by player, Unpause by player
35   18:38:49.234   18827:29:17.61718827:29:39.80722.190     22.190     Paused by player, Unpause by player
36   18:38:58.084   18827:29:48.62718827:29:49.0650.438      0.438      Paused by player, Unpause by player
37   18:38:58.984   18827:29:49.94718827:29:50.9531.006      1.006      Paused by player, Unpause by player
38   18:39:02.034   18827:29:53.98318827:29:55.9942.011      2.011      Paused by player, Unpause by player
39   18:39:04.084   18827:29:58.00418827:30:04.2266.222      6.222      Paused by player, Unpause by player
40   18:39:20.984   18827:30:21.10918827:30:21.4940.385      0.385      Paused by player, Unpause by player
41   18:39:21.484   18827:30:21.98618827:30:23.0321.046      1.046      Paused by player, Unpause by player
42   18:39:21.784   18827:30:23.32818827:30:24.2570.929      0.929      Paused by player, Unpause by player
43   18:39:22.184   18827:30:24.62418827:30:25.2700.646      0.646      Paused by player, Unpause by player
44   18:39:22.534   18827:30:25.58818827:30:26.2440.656      0.656      Paused by player, Unpause by player
45   18:39:22.934   18827:30:26.60918827:30:28.0081.399      1.399      Paused by player, Unpause by player
46   18:39:23.334   18827:30:28.38018827:30:29.2530.873      0.873      Paused by player, Unpause by player
47   18:39:23.784   18827:30:29.69218827:30:31.0161.324      1.324      Paused by player, Unpause by player
48   18:39:24.184   18827:30:31.38618827:30:33.1711.785      1.785      Paused by player, Unpause by player
49   18:39:26.084   18827:30:35.05618827:30:38.0442.988      2.988      Paused by player, Unpause by player
50   18:39:34.784   18827:30:46.73418827:30:47.4300.696      0.696      Paused by player, Unpause by player
51   18:39:35.084   18827:30:47.73018827:30:55.2367.506      7.506      Paused by player, Unpause by player
52   18:39:52.634   18827:31:12.78318827:31:22.99710.214     10.214     Paused by player, Unpause by player
53   18:40:33.234   18827:32:03.57018827:32:14.42610.856     10.856     Paused by player, Unpause by player
54   18:43:05.184   18827:34:46.34718827:34:47.5761.229      1.229      Paused by player, Unpause by player
55   18:43:10.034   18827:34:52.40218827:35:19.03526.633     26.633     Paused by player, Unpause by player
56   18:43:51.434   18827:36:00.43518827:36:09.3468.911      8.911      Paused by player, Unpause by player
57   18:44:00.534   18827:36:18.42918827:36:27.5589.129      9.129      Paused by player, Unpause by player
58   18:44:12.334   18827:36:39.32018827:36:41.5872.267      2.267      Paused by player, Unpause by player
59   18:44:58.334   18827:37:27.58518827:37:28.1310.546      0.546      Paused by player, Unpause by player
60   18:45:00.584   18827:37:30.37818827:37:36.8796.501      6.501      Paused by player, Unpause by player
61   18:45:03.534   18827:37:39.82118827:37:41.3231.502      1.502      Paused by player, Unpause by player
62   18:45:05.534   18827:37:43.31818827:37:46.1822.864      2.864      Paused by player, Unpause by player
63   18:45:08.434   18827:37:49.06318827:37:50.0540.991      0.991      Paused by player, Unpause by player
64   18:45:10.534   18827:37:52.14718827:37:58.9116.764      6.764      Paused by player, Unpause by player
65   18:45:10.884   18827:37:59.23518827:38:03.2864.051      4.051      Paused by player, Unpause by player
66   18:45:27.784   18827:38:20.16318827:38:36.93316.770     16.770     Paused by player, Unpause by player
67   18:45:57.634   18827:39:06.75318827:39:07.7150.962      0.962      Paused by player, Unpause by player
68   18:46:04.834   18827:39:14.91318827:39:15.9871.074      1.074      Paused by player, Unpause by player
69   18:46:06.334   18827:39:17.46218827:39:18.2930.831      0.831      Paused by player, Unpause by player
70   18:46:21.984   18827:39:33.94018827:39:34.5900.650      0.650      Paused by player, Unpause by player
71   18:46:22.534   18827:39:35.13018827:39:36.0490.919      0.919      Paused by player, Unpause by player
72   18:46:22.784   18827:39:36.27518827:39:37.5281.253      1.253      Paused by player, Unpause by player
73   18:46:23.084   18827:39:37.79618827:39:38.9411.145      1.145      Paused by player, Unpause by player
74   18:46:24.834   18827:39:40.66218827:39:41.1960.534      0.534      Paused by player, Unpause by player
75   18:46:39.584   18827:39:55.94018827:39:58.4602.520      2.520      Paused by player, Unpause by player
76   18:46:42.484   18827:40:01.33018827:40:02.4781.148      1.148      Paused by player, Unpause by player
77   18:46:45.634   18827:40:05.60118827:40:06.1220.521      0.521      Paused by player, Unpause by player
78   18:46:49.734   18827:40:10.17018827:40:11.9481.778      1.778      Paused by player, Unpause by player
79   18:47:14.684   18827:40:36.87718827:40:38.4621.585      1.585      Paused by player, Unpause by player
80   18:47:25.834   18827:40:49.60418827:40:50.5550.951      0.951      Paused by player, Unpause by player
81   18:47:35.384   18827:41:00.11018827:41:01.1461.036      1.036      Paused by player, Unpause by player
82   18:47:40.384   18827:41:06.09618827:41:07.0060.910      0.910      Paused by player, Unpause by player
83   18:47:43.134   18827:41:09.75418827:41:10.5090.755      0.755      Paused by player, Unpause by player
84   18:47:46.984   18827:41:14.34518827:41:15.2510.906      0.906      Paused by player, Unpause by player
85   18:47:48.834   18827:41:17.08618827:41:17.8360.750      0.750      Paused by player, Unpause by player
86   18:48:02.584   18827:41:31.56518827:41:37.3595.794      5.794      Paused by player, Unpause by player
87   18:48:09.534   18827:41:44.29218827:41:44.9140.622      0.622      Paused by player, Unpause by player
88   18:48:09.834   18827:41:45.18018827:41:46.3281.148      1.148      Paused by player, Unpause by player
89   18:48:10.134   18827:41:46.59718827:41:47.1860.589      0.589      Paused by player, Unpause by player
90   18:48:10.434   18827:41:47.46318827:41:48.2420.779      0.779      Paused by player, Unpause by player
91   18:48:10.834   18827:41:48.64718827:41:49.8881.241      1.241      Paused by player, Unpause by player
92   18:48:14.734   18827:41:53.74118827:41:57.8034.062      4.062      Paused by player, Unpause by player
93   18:48:16.384   18827:41:59.45518827:42:02.7523.297      3.297      Paused by player, Unpause by player
94   18:48:18.034   18827:42:04.36218827:42:05.2240.862      0.862      Paused by player, Unpause by player
95   18:48:39.184   18827:42:26.36218827:42:27.2360.874      0.874      Paused by player, Unpause by player
96   18:48:39.584   18827:42:27.60318827:42:28.2280.625      0.625      Paused by player, Unpause by player
97   18:48:39.884   18827:42:28.52218827:42:30.3581.836      1.836      Paused by player, Unpause by player
98   18:48:40.484   18827:42:30.90818827:42:31.8090.901      0.901      Paused by player, Unpause by player
99   18:48:42.984   18827:42:34.26518827:42:35.4131.148      1.148      Paused by player, Unpause by player
100  18:48:43.434   18827:42:35.82418827:42:38.6262.802      2.802      Paused by player, Unpause by player
101  18:48:45.734   18827:42:40.92818827:42:41.4670.539      0.539      Paused by player, Unpause by player
102  18:48:49.134   18827:42:44.82818827:42:47.5612.733      2.733      Paused by player, Unpause by player
103  18:48:54.434   18827:42:52.83818827:42:57.4834.645      4.645      Paused by player, Unpause by player
104  18:49:18.434   18827:43:21.46318827:43:22.2190.756      0.756      Paused by player, Unpause by player
105  18:49:24.984   18827:43:28.74618827:43:42.05413.308     13.308     Paused by player, Unpause by player
106  18:49:25.584   18827:43:42.62718827:43:43.2570.630      0.630      Paused by player, Unpause by player
107  18:49:28.784   18827:43:46.45718827:43:52.2045.747      5.747      Paused by player, Unpause by player
108  18:49:35.634   18827:43:59.05818827:43:59.5940.536      0.536      Paused by player, Unpause by player
109  18:49:35.984   18827:43:59.90418827:44:00.9631.059      1.059      Paused by player, Unpause by player
110  18:49:36.584   18827:44:01.56318827:44:02.5260.963      0.963      Paused by player, Unpause by player
111  18:49:57.284   18827:44:23.21318827:44:23.7610.548      0.548      Paused by player, Unpause by player
112  18:50:09.734   18827:44:36.19818827:44:36.8250.627      0.627      Paused by player, Unpause by player
113  18:50:24.234   18827:44:51.29318827:44:51.8040.511      0.511      Paused by player, Unpause by player
114  18:50:31.234   18827:44:58.80418827:45:01.1632.359      2.359      Paused by player, Unpause by player
115  18:50:44.084   18827:45:14.00018827:45:15.4701.470      1.470      Paused by player, Unpause by player
116  18:50:51.284   18827:45:22.63018827:45:30.7708.140      8.140      Paused by player, Unpause by player
117  18:50:59.634   18827:45:39.09218827:45:39.6950.603      0.603      Paused by player, Unpause by player
118  18:50:59.934   18827:45:39.95918827:45:41.0111.052      1.052      Paused by player, Unpause by player
119  18:51:00.384   18827:45:41.42318827:45:42.3250.902      0.902      Paused by player, Unpause by player
120  18:51:02.334   18827:45:44.23118827:45:44.8510.620      0.620      Paused by player, Unpause by player
121  18:51:02.634   18827:45:45.13418827:45:45.8000.666      0.666      Paused by player, Unpause by player
122  18:51:03.084   18827:45:46.22218827:45:46.6220.400      0.400      Paused by player, Unpause by player
123  18:51:03.434   18827:45:46.93518827:45:47.9501.015      1.015      Paused by player, Unpause by player
124  18:51:03.734   18827:45:48.21218827:45:49.1360.924      0.924      Paused by player, Unpause by player
125  18:51:17.134   18827:46:02.52218827:46:23.90421.382     21.382     Paused by player, Unpause by player
126  18:51:41.084   18827:46:47.85818827:46:48.5550.697      0.697      Paused by player, Unpause by player
127  18:51:41.384   18827:46:48.84718827:46:49.3740.527      0.527      Paused by player, Unpause by player
128  18:51:41.934   18827:46:49.89418827:46:50.3090.415      0.415      Paused by player, Unpause by player
129  18:51:43.284   18827:46:51.66218827:46:52.8631.201      1.201      Paused by player, Unpause by player
130  18:51:46.634   18827:46:56.22018827:46:56.7750.555      0.555      Paused by player, Unpause by player
131  18:51:46.984   18827:46:57.12618827:46:57.6080.482      0.482      Paused by player, Unpause by player
132  18:53:11.984   18827:48:22.56518827:48:25.7333.168      3.168      Paused by player, Unpause by player
133  18:53:13.034   18827:48:26.77218827:48:29.6442.872      2.872      Paused by player, Unpause by player
134  18:53:19.584   18827:48:36.16218827:48:36.7240.562      0.562      Paused by player, Unpause by player
135  18:53:35.984   18827:48:53.08118827:48:53.5470.466      0.466      Paused by player, Unpause by player
136  18:53:36.284   18827:48:53.83618827:48:54.2050.369      0.369      Paused by player, Unpause by player
137  18:53:36.584   18827:48:54.47918827:48:55.5071.028      1.028      Paused by player, Unpause by player
138  18:53:38.034   18827:48:56.95518827:48:57.2510.296      0.296      Paused by player, Unpause by player
139  18:53:38.334   18827:48:57.54818827:49:02.3624.814      4.814      Paused by player, Unpause by player
140  18:54:42.134   18827:50:06.14518827:50:06.7080.563      0.563      Paused by player, Unpause by player
141  18:54:42.484   18827:50:07.03418827:50:07.4180.384      0.384      Paused by player, Unpause by player
142  18:54:42.734   18827:50:07.66218827:50:08.3770.715      0.715      Paused by player, Unpause by player
143  18:55:04.684   18827:50:30.29618827:50:34.0093.713      3.713      Paused by player, Unpause by player
144  19:01:19.334   18827:56:48.62018827:56:51.8693.249      3.249      Paused by player, Unpause by player
145  19:03:22.884   18827:58:56.13818827:59:00.0873.949      3.949      Paused by player, Unpause by player
146  19:03:31.534   18827:59:08.69618827:59:09.2260.530      0.530      Paused by player, Unpause by player
147  19:03:32.084   18827:59:09.75418827:59:10.4880.734      0.734      Paused by player, Unpause by player
148  19:03:44.034   18827:59:22.43018827:59:23.3380.908      0.908      Paused by player, Unpause by player
149  19:03:44.484   18827:59:23.77518827:59:24.6420.867      0.867      Paused by player, Unpause by player
150  19:03:49.234   18827:59:29.36418827:59:29.7950.431      0.431      Paused by player, Unpause by player
151  19:03:49.634   18827:59:30.17318827:59:30.9190.746      0.746      Paused by player, Unpause by player
152  19:03:50.084   18827:59:31.35718827:59:32.4871.130      1.130      Paused by player, Unpause by player
153  19:03:50.634   18827:59:33.03518827:59:33.7040.669      0.669      Paused by player, Unpause by player
154  19:03:51.484   18827:59:34.53418827:59:34.9700.436      0.436      Paused by player, Unpause by player
155  19:03:51.934   18827:59:35.42018827:59:36.0030.583      0.583      Paused by player, Unpause by player
156  19:03:52.384   18827:59:36.41018827:59:37.3540.944      0.944      Paused by player, Unpause by player
157  19:03:54.634   18827:59:39.57518827:59:40.4330.858      0.858      Paused by player, Unpause by player
158  19:03:56.334   18827:59:42.09218827:59:43.6471.555      1.555      Paused by player, Unpause by player
159  19:06:09.484   18828:01:56.79818828:01:57.9561.158      1.158      Paused by player, Unpause by player
160  19:06:09.884   18828:01:58.34318828:01:58.9600.617      0.617      Paused by player, Unpause by player
161  19:06:10.634   18828:01:59.68818828:02:00.2010.513      0.513      Paused by player, Unpause by player
162  19:06:13.634   18828:02:03.16518828:02:03.6050.440      0.440      Paused by player, Unpause by player
163  19:06:14.184   18828:02:04.13218828:02:06.5502.418      2.418      Paused by player, Unpause by player
164  19:06:14.484   18828:02:06.85018828:02:07.4150.565      0.565      Paused by player, Unpause by player
165  19:06:14.784   18828:02:07.70918828:02:08.2750.566      0.566      Paused by player, Unpause by player
166  19:06:15.084   18828:02:08.54018828:02:09.1230.583      0.583      Paused by player, Unpause by player
167  19:06:15.434   18828:02:09.45818828:02:09.9160.458      0.458      Paused by player, Unpause by player
168  19:06:15.834   18828:02:10.29218828:02:11.0740.782      0.782      Paused by player, Unpause by player
169  19:06:17.734   18828:02:12.96518828:02:13.4520.487      0.487      Paused by player, Unpause by player
170  19:06:18.034   18828:02:13.75618828:02:14.2770.521      0.521      Paused by player, Unpause by player
171  19:06:18.434   18828:02:14.65618828:02:15.1160.460      0.460      Paused by player, Unpause by player
172  19:06:18.834   18828:02:15.48018828:02:15.8850.405      0.405      Paused by player, Unpause by player
173  19:06:21.784   18828:02:18.79618828:02:19.8711.075      1.075      Paused by player, Unpause by player
174  19:06:22.484   18828:02:20.56118828:02:20.9420.381      0.381      Paused by player, Unpause by player
175  19:06:23.034   18828:02:21.49418828:02:24.7523.258      3.258      Paused by player, Unpause by player
176  19:06:26.784   18828:02:28.49318828:02:30.7722.279      2.279      Paused by player, Unpause by player
177  19:08:57.884   18828:05:01.88718828:05:02.6370.750      0.750      Paused by player, Unpause by player
178  19:08:58.284   18828:05:03.04018828:05:04.9971.957      1.957      Paused by player, Unpause by player
179  19:09:59.834   18828:06:06.53618828:06:10.5754.039      4.039      Paused by player, Unpause by player
180  19:10:00.184   18828:06:10.92518828:06:14.4383.513      3.513      Paused by player, Unpause by player
181  19:10:22.484   18828:06:36.73118828:06:40.8014.070      4.070      Paused by player, Unpause by player
182  19:10:33.984   18828:06:52.26718828:06:57.4275.160      5.160      Paused by player, Unpause by player
183  19:10:36.484   18828:06:59.92718828:07:00.5340.607      0.607      Paused by player, Unpause by player
184  19:10:37.784   18828:07:01.82518828:07:02.3710.546      0.546      Paused by player, Unpause by player
185  19:10:52.084   18828:07:16.66618828:07:20.8854.219      4.219      Paused by player, Unpause by player
186  19:10:53.284   18828:07:22.06418828:07:26.3544.290      4.290      Paused by player, Unpause by player
187  19:11:34.434   18828:08:07.47618828:08:12.9955.519      5.519      Paused by player, Unpause by player
188  19:15:23.134   18828:12:01.66318828:12:04.1272.464      2.464      Paused by player, Unpause by player
189  19:15:26.134   18828:12:07.12118828:12:13.5076.386      6.386      Paused by player, Unpause by player
0    19:28:52.234   18828:25:39.60618828:26:14.36734.761                Paused by player, Unpause by rendered
1    19:28:53.844   18828:26:15.98218828:26:16.5650.583      0.583      Paused by player, Unpause by player
2    19:29:44.844   18828:27:07.51218828:27:08.0040.492      0.492      Paused by player, Unpause by player
0    19:36:09.044   18828:33:32.20818840:01:31.73841279.530             Paused by player, Unpause by rendered
1    19:36:12.805   18840:01:35.39018840:01:39.0723.682                 Paused by player, Unpause by player / changed option
2    19:51:15.755   18840:16:41.99118840:16:58.17816.187     16.187     Paused by player, Unpause by player
3    20:06:33.955   18840:32:16.29218840:43:40.992684.700    684.700    Paused by player, Unpause by player
0    20:30:06.405   18841:07:13.39618843:02:46.0646932.668              Paused by player, Unpause by changed look direction
1    20:30:13.457   18843:02:52.71818843:02:53.4600.742      0.742      Paused by player, Unpause by player
0    20:31:23.107   18843:04:03.08818843:34:52.5241849.436              Paused by player, Unpause by rendered
0    20:32:15.303   18843:35:44.72118843:51:52.190967.469               Paused by player, Unpause by rendered
0    20:33:29.245   18843:53:06.14218844:07:18.777852.635               Paused by player, Unpause by changed look direction
1    20:34:08.053   18844:07:57.48918844:08:06.9029.413      9.413      Paused by player, Unpause by player
0    20:41:04.603   18844:15:03.42718845:53:40.5615917.134              Paused by player, Unpause by rendered
1    20:43:19.491   18845:55:55.48918845:56:29.83234.343     34.343     Paused by player, Unpause by player
0    20:43:20.291   18845:56:30.61918848:28:38.1989127.579              Paused by player, Unpause by rendered
0    20:43:43.637   18848:29:01.56318849:38:46.4174184.854              Paused by player, Unpause by rendered
1    20:55:31.065   18849:50:33.78318849:50:35.4281.645      1.645      Paused by player, Unpause by player
2    20:55:34.065   18849:50:38.39118849:50:41.7023.311      3.311      Paused by player, Unpause by player
3    20:55:53.765   18849:51:01.41218849:51:01.8690.457      0.457      Paused by player, Unpause by player
0    20:56:12.115   18849:51:20.24118852:36:51.8469931.605              Paused by player, Unpause by rendered
0    20:56:32.555   18852:37:12.28018852:50:44.029811.749               Paused by player, Unpause by rendered
0    20:56:45.891   18852:50:57.36718853:04:17.243799.876               Paused by player, Unpause by rendered
0    20:57:51.085   18853:05:22.47418853:22:37.6401035.166              Paused by player, Unpause by rendered
0    20:58:11.002   18853:22:57.59218853:37:34.916877.324               Paused by player, Unpause by changed look direction
0    20:58:23.812   18853:37:47.67718854:26:31.6092923.932              Paused by player, Unpause by changed look direction
1    21:01:31.664   18854:29:39.40918854:29:39.6850.276      0.276      Paused by player, Unpause by player
2    21:01:45.214   18854:29:53.27518854:29:57.5884.313      4.313      Paused by player, Unpause by player
3    21:08:08.164   18854:36:20.48418854:49:28.783788.299    788.299    Paused by player, Unpause by player
0    21:08:08.814   18854:49:29.43618855:47:45.5713496.135              Paused by player, Unpause by rendered
1    21:10:27.258   18855:50:04.00218855:50:04.8970.895      0.895      Paused by player, Unpause by player
2    21:10:28.208   18855:50:05.81618855:50:07.1761.360      1.360      Paused by player, Unpause by player
3    21:10:29.058   18855:50:08.03118855:50:10.8622.831      2.831      Paused by player, Unpause by player
4    21:10:32.658   18855:50:14.43018855:50:16.0391.609      1.609      Paused by player, Unpause by player
5    21:10:33.958   18855:50:17.30318855:50:18.8701.567      1.567      Paused by player, Unpause by player
6    21:10:40.008   18855:50:24.90318855:50:25.9561.053      1.053      Paused by player, Unpause by player
7    21:12:04.458   18855:51:50.39318855:51:51.1870.794      0.794      Paused by player, Unpause by player
8    21:12:04.958   18855:51:51.67218855:51:55.1523.480      3.480      Paused by player, Unpause by player
9    21:14:14.908   18855:54:05.06218855:54:06.3091.247      1.247      Paused by player, Unpause by player
10   21:14:20.508   18855:54:11.86518855:54:12.5730.708      0.708      Paused by player, Unpause by player
11   21:14:51.508   18855:54:43.56718855:54:45.9822.415      2.415      Paused by player, Unpause by player
12   21:17:04.208   18855:56:58.66218855:57:03.7175.055      5.055      Paused by player, Unpause by player
13   21:17:08.108   18855:57:07.61518855:57:07.9930.378      0.378      Paused by player, Unpause by player
0    21:17:09.808   18855:57:09.69618865:50:19.26035589.564             Paused by player, Unpause by changed look direction
1    21:17:15.161   18865:50:24.22018865:50:26.8532.633      2.633      Paused by player, Unpause by player
2    21:17:16.211   18865:50:27.87118865:50:30.1772.306      2.306      Paused by player, Unpause by player
0    21:17:16.411   18865:50:30.42818866:11:14.1151243.687              Paused by player, Unpause by rendered
1    21:17:29.382   18866:11:27.07618866:11:27.6080.532      0.532      Paused by player, Unpause by player
0    21:17:42.332   18866:11:40.58218867:21:10.0594169.477              Paused by player, Unpause by rendered
1    21:18:03.618   18867:21:31.36918867:21:36.7935.424      5.424      Paused by player, Unpause by player
0    21:22:51.418   18867:26:24.58718870:36:06.31111381.724             Paused by player, Unpause by rendered
0    21:22:53.348   18870:36:08.25418872:00:45.8055077.551              Paused by player, Unpause by changed look direction
0    21:22:56.260   18872:00:48.66318874:06:06.5247517.861              Paused by player, Unpause by changed look direction
0    21:22:57.412   18874:06:07.60718874:06:09.8742.267                 Paused by player, Unpause by changed look direction
0    21:22:57.420   18874:06:09.89418877:05:38.85510768.961             Paused by player, Unpause by rendered
1    21:23:07.767   18877:05:49.19318877:05:49.8460.653      0.653      Paused by player, Unpause by player
2    21:23:33.167   18877:06:15.28218877:06:26.04310.761     10.761     Paused by player, Unpause by player
3    21:28:28.017   18877:11:20.89318877:11:33.42912.536     12.536     Paused by player, Unpause by player
1    24:35:36.617   18880:18:54.23618889:52:16.28734402.051             Paused by leave the world, Unpause by changed look direction
0    24:36:08.369   18889:52:47.68318890:09:19.366991.683               Paused by player, Unpause by rendered
0    24:36:36.813   18890:09:47.82318890:38:08.6281700.805              Paused by player, Unpause by rendered
0    24:36:56.306   18890:38:28.14318890:47:26.774538.631               Paused by player, Unpause by changed look direction
0    24:37:02.763   18890:47:33.23418890:58:04.313631.079               Paused by player, Unpause by changed look direction
0    24:37:47.216   18890:58:48.32118892:20:03.2734874.952              Paused by player, Unpause by rendered
0    24:38:19.389   18892:20:35.43118892:31:06.415630.984               Paused by player, Unpause by rendered
0    24:38:59.033   18892:31:46.07218892:50:30.9581124.886              Paused by player, Unpause by rendered
0    24:39:44.522   18892:51:16.45418893:04:35.859799.405               Paused by player, Unpause by rendered
0    24:40:20.370   18893:05:11.73818893:22:48.6391056.901              Paused by player, Unpause by changed look direction
0    24:40:21.073   18893:22:49.07018893:55:07.4831938.413              Paused by player, Unpause by changed look direction
0    24:41:52.125   18893:56:38.50018897:05:39.30911340.809             Paused by player, Unpause by rendered
0    24:42:08.917   18897:05:56.09418897:22:39.2241003.130              Paused by player, Unpause by rendered
0    24:44:21.110   18897:24:51.42118897:40:17.647926.226               Paused by player, Unpause by rendered
0    24:45:10.006   18897:41:06.55018898:47:40.4943993.944              Paused by player, Unpause by rendered
0    24:46:52.004   18898:49:22.53718899:04:54.968932.431               Paused by player, Unpause by rendered
0    24:47:14.882   18899:05:17.83318899:21:00.349942.516               Paused by player, Unpause by rendered
0    24:47:32.395   18899:21:17.88618899:43:52.9061355.020              Paused by player, Unpause by rendered
0    24:48:07.891   18899:44:28.43918915:31:18.97056810.531             Paused by player, Unpause by rendered
0    24:48:22.089   18915:31:33.17118915:48:08.445995.274               Paused by player, Unpause by rendered
0    24:49:37.236   18915:49:23.63418916:05:07.764944.130               Paused by player, Unpause by rendered
0    24:50:04.083   18916:05:34.61318917:15:07.3174172.704              Paused by player, Unpause by rendered
1    24:52:32.673   18917:17:35.88618917:17:36.4570.571      0.571      Paused by player, Unpause by player
2    24:52:32.973   18917:17:36.74218917:17:37.4900.748      0.748      Paused by player, Unpause by player
3    24:52:33.323   18917:17:37.82818917:17:38.2490.421      0.421      Paused by player, Unpause by player
0    24:57:13.173   18917:22:18.11118917:22:23.0524.941                 Paused by player, Unpause by rendered
1    25:00:19.472   18917:25:29.33618917:25:31.0981.762      1.762      Paused by player, Unpause by player
2    25:07:59.622   18917:33:11.24818917:33:12.0260.778      0.778      Paused by player, Unpause by player
3    25:14:19.472   18917:39:31.83818917:39:32.6490.811      0.811      Paused by player, Unpause by player
4    25:28:46.272   18917:53:59.39818917:54:00.0020.604      0.604      Paused by player, Unpause by player
5    25:29:03.972   18917:54:17.69918917:54:21.3323.633      3.633      Paused by player, Unpause by player
6    25:35:48.722   18918:01:06.06018918:01:07.8801.820      1.820      Paused by player, Unpause by player
7    25:35:49.222   18918:01:08.37518918:01:08.7840.409      0.409      Paused by player, Unpause by player
8    25:35:49.672   18918:01:09.22118918:01:09.7570.536      0.536      Paused by player, Unpause by player
9    25:35:51.672   18918:01:11.72418918:01:11.9240.200      0.200      Paused by player, Unpause by player
0    25:36:00.772   18918:01:21.01818918:30:17.5351736.517              Paused by player, Unpause by changed look direction
1    25:36:06.324   18918:30:23.08418918:30:29.6916.607      6.607      Paused by player, Unpause by player
0    25:36:09.024   18918:30:32.38518919:16:15.3822742.997              Paused by player, Unpause by rendered
1    25:36:09.583   18919:16:15.92318919:16:18.0732.150                 Paused by player, Unpause by player / changed option
2    25:36:26.633   18919:16:35.11018919:16:35.9540.844                 Paused by player, Unpause by player / changed option
0    25:41:03.033   18919:21:12.37618920:56:02.2185689.842              Paused by player, Unpause by rendered
0    26:37:01.398   18921:52:00.60418921:52:18.81818.214                Paused by player, Unpause by rendered
1    26:37:02.536   18921:52:19.96518921:52:21.0971.132      1.132      Paused by player, Unpause by player
0    26:37:07.786   18921:52:26.35018922:03:05.381639.031               Paused by player, Unpause by rendered
0    26:37:29.381   18922:03:27.01818922:20:10.1831003.165              Paused by player, Unpause by rendered
0    26:37:56.673   18922:20:37.49118922:33:05.627748.136               Paused by player, Unpause by rendered
0    26:38:43.770   18922:33:52.75118922:38:43.011290.260               Paused by player, Unpause by rendered
0    26:38:45.467   18922:38:44.70518922:59:50.7821266.077              Paused by player, Unpause by changed look direction
0    26:39:17.875   18923:00:23.17118923:08:11.533468.362               Paused by player, Unpause by rendered
0    26:40:34.719   18923:09:28.36618923:25:44.734976.368               Paused by player, Unpause by rendered
0    26:40:48.513   18923:25:58.55518934:17:36.48039097.925             Paused by player, Unpause by rendered
1    29:55:31.774   18937:32:19.75618937:47:21.683901.927               Paused by leave the world, Unpause by rendered
0    29:55:55.182   18937:47:45.09218938:31:19.5782614.486              Paused by player, Unpause by changed look direction
0    29:56:13.535   18938:31:37.49418938:51:11.2671173.773              Paused by player, Unpause by rendered
0    29:57:04.928   18938:52:02.69818939:06:19.786857.088               Paused by player, Unpause by changed look direction
0    29:57:52.980   18939:07:07.80018939:35:35.4961707.696              Paused by player, Unpause by changed look direction
0    29:58:11.389   18939:35:53.87018939:53:09.0911035.221              Paused by player, Unpause by rendered
0    29:58:51.530   18939:53:49.24818940:07:05.321796.073               Paused by player, Unpause by rendered
0    29:59:25.777   18940:07:39.57218942:11:26.8887427.316              Paused by player, Unpause by changed look direction
1    30:05:06.784   18942:17:07.84718942:17:08.8501.003                 Paused by player, Unpause by player / changed option
2    30:05:06.934   18942:17:08.97818942:17:09.3780.400      0.400      Paused by player, Unpause by player
3    30:05:09.384   18942:17:11.83918942:17:12.5760.737                 Paused by player, Unpause by player / changed option
0    30:05:11.084   18942:17:14.31218942:17:43.31829.006                Paused by player, Unpause by changed look direction
0    30:05:51.136   18942:18:23.31418944:29:31.3237868.009              Paused by player, Unpause by changed look direction
1    30:13:44.389   18944:37:24.43318944:37:31.2766.843      6.843      Paused by player, Unpause by player
2    30:14:03.239   18944:37:50.08618944:37:50.9200.834      0.834      Paused by player, Unpause by player
0    30:35:44.189   18944:59:31.82618947:24:27.4758695.649              Paused by player, Unpause by rendered
1    30:37:48.436   18947:26:31.75418947:26:43.27111.517     11.517     Paused by player, Unpause by player
0    30:37:51.586   18947:26:46.41118948:19:35.1733168.762              Paused by player, Unpause by rendered
0    30:38:15.733   18948:19:59.32318948:51:34.3671895.044              Paused by player, Unpause by rendered
1    30:44:25.179   18948:57:43.80418948:57:44.8061.002      1.002      Paused by player, Unpause by player
2    30:45:19.279   18948:58:38.89218948:58:39.6260.734      0.734      Paused by player, Unpause by player
3    30:45:21.579   18948:58:41.92318948:58:52.07010.147     10.147     Paused by player, Unpause by player
4    30:45:34.529   18948:59:05.01518948:59:05.9210.906      0.906      Paused by player, Unpause by player
5    30:45:35.479   18948:59:06.85518948:59:07.5900.735      0.735      Paused by player, Unpause by player
6    30:45:36.129   18948:59:08.24218948:59:09.5511.309      1.309      Paused by player, Unpause by player
7    30:45:36.929   18948:59:10.34218948:59:12.4092.067      2.067      Paused by player, Unpause by player
8    30:45:37.429   18948:59:12.87718948:59:14.7161.839      1.839      Paused by player, Unpause by player
9    30:45:42.729   18948:59:19.99418948:59:23.3803.386      3.386      Paused by player, Unpause by player
10   30:45:43.229   18948:59:23.87018948:59:28.1574.287      4.287      Paused by player, Unpause by player
11   30:45:45.129   18948:59:30.05518948:59:30.9270.872      0.872      Paused by player, Unpause by player
0    30:46:05.379   18948:59:51.17218958:38:34.83634723.664             Paused by player, Unpause by rendered
1    30:46:50.104   18958:39:19.58418958:39:20.2090.625      0.625      Paused by player, Unpause by player
2    30:46:58.754   18958:39:28.82618958:39:48.12319.297     19.297     Paused by player, Unpause by player
3    30:53:35.954   18958:46:25.28618958:46:26.1930.907      0.907      Paused by player, Unpause by player
0    31:02:00.304   18958:54:50.56118958:54:53.6023.041                 Paused by player, Unpause by changed look direction
1    31:03:47.408   18958:56:40.62218958:57:43.22562.603                Paused by leave the world, Unpause by rendered
2    31:06:33.367   18959:00:29.17818959:02:04.84595.667     95.667     Paused by player, Unpause by player
3    31:11:47.767   18959:07:19.22618959:09:31.926132.700    132.700    Paused by player, Unpause by player
4    31:16:46.267   18959:14:30.38918959:14:31.0460.657      0.657      Paused by player, Unpause by player
5    31:16:53.917   18959:14:38.66118959:14:39.4060.745      0.745      Paused by player, Unpause by player
6    31:17:05.967   18959:14:51.44818959:15:27.74436.296     36.296     Paused by player, Unpause by player
7    31:17:15.117   18959:15:36.87618959:17:21.045104.169    104.169    Paused by player, Unpause by player
8    31:17:15.617   18959:17:21.49918959:17:55.59334.094     34.094     Paused by player, Unpause by player
9    31:17:31.867   18959:18:11.81118959:18:47.49835.687     35.687     Paused by player, Unpause by player
10   31:19:28.467   18959:20:44.10018959:21:18.56334.463     34.463     Paused by player, Unpause by player
11   31:19:31.767   18959:21:21.83918959:21:22.2980.459      0.459      Paused by player, Unpause by player
12   31:20:08.017   18959:21:58.52118959:22:13.91415.393     15.393     Paused by player, Unpause by player
13   31:20:24.367   18959:22:30.23818959:22:35.1624.924      4.924      Paused by player, Unpause by player
14   31:21:12.217   18959:23:23.04318959:23:37.15514.112     14.112     Paused by player, Unpause by player
15   31:22:18.917   18959:24:43.84618959:25:12.17428.328     28.328     Paused by player, Unpause by player
16   31:22:49.167   18959:25:42.41018959:25:48.5096.099      6.099      Paused by player, Unpause by player
17   31:26:31.417   18959:29:30.71618959:29:31.4210.705      0.705      Paused by player, Unpause by player
18   31:26:44.517   18959:29:44.48918959:29:45.2920.803      0.803      Paused by player, Unpause by player
19   31:27:02.317   18959:30:03.05818959:30:04.6501.592      1.592      Paused by player, Unpause by player
20   31:27:09.517   18959:30:11.82618959:30:12.7440.918      0.918      Paused by player, Unpause by player
21   31:27:10.067   18959:30:13.29418959:30:14.4641.170      1.170      Paused by player, Unpause by player
22   31:27:11.767   18959:30:16.14818959:30:16.7220.574      0.574      Paused by player, Unpause by player
23   31:27:15.067   18959:30:19.97918959:30:20.6930.714      0.714      Paused by player, Unpause by player
24   31:27:15.867   18959:30:21.48218959:30:22.0640.582      0.582      Paused by player, Unpause by player
25   31:27:47.717   18959:30:53.95518959:31:07.00513.050     13.050     Paused by player, Unpause by player
26   31:28:27.817   18959:31:47.05918959:31:47.7350.676      0.676      Paused by player, Unpause by player
27   31:28:34.517   18959:31:54.41618959:31:55.2340.818      0.818      Paused by player, Unpause by player
28   31:28:35.067   18959:31:55.74618959:31:56.2080.462      0.462      Paused by player, Unpause by player
29   31:28:35.567   18959:31:56.65718959:31:57.4540.797      0.797      Paused by player, Unpause by player
30   31:28:51.167   18959:32:13.01318959:32:13.5920.579      0.579      Paused by player, Unpause by player
31   31:29:24.817   18959:32:47.21818959:32:48.2351.017      1.017      Paused by player, Unpause by player
32   31:29:25.317   18959:32:48.69418959:32:49.3640.670      0.670      Paused by player, Unpause by player
33   31:30:22.017   18959:33:46.05718959:33:46.7110.654      0.654      Paused by player, Unpause by player
34   31:34:24.767   18959:37:49.45518959:37:49.9690.514      0.514      Paused by player, Unpause by player
35   31:34:38.167   18959:38:03.33618959:38:04.1690.833      0.833      Paused by player, Unpause by player
36   31:34:38.717   18959:38:04.70818959:38:05.4730.765      0.765      Paused by player, Unpause by player
37   31:34:39.817   18959:38:06.55218959:38:15.2298.677      8.677      Paused by player, Unpause by player
38   31:34:47.267   18959:38:22.67418959:38:23.2390.565      0.565      Paused by player, Unpause by player
39   31:36:41.617   18959:40:17.57018959:43:12.106174.536    174.536    Paused by player, Unpause by player
40   31:38:31.517   18959:45:01.94818959:45:13.30311.355     11.355     Paused by player, Unpause by player
41   31:38:34.267   18959:45:16.01118959:45:16.4450.434      0.434      Paused by player, Unpause by player
42   31:38:34.667   18959:45:16.83818959:45:17.8591.021      1.021      Paused by player, Unpause by player
43   31:38:35.017   18959:45:18.17618959:46:17.83059.654     59.654     Paused by player, Unpause by player
44   31:38:35.517   18959:46:18.29518959:46:27.8489.553      9.553      Paused by player, Unpause by player
45   31:38:36.117   18959:46:28.42718959:46:29.0280.601      0.601      Paused by player, Unpause by player
46   31:38:36.617   18959:46:29.53718959:46:47.11117.574     17.574     Paused by player, Unpause by player
47   31:38:37.167   18959:46:47.61218959:47:02.24314.631     14.631     Paused by player, Unpause by player
48   31:38:37.767   18959:47:02.82618959:48:20.55977.733     77.733     Paused by player, Unpause by player
49   31:38:44.567   18959:48:27.32718959:49:12.22744.900     44.900     Paused by player, Unpause by player
50   31:38:55.567   18959:49:23.20718959:49:25.2672.060      2.060      Paused by player, Unpause by player
51   31:39:05.217   18959:49:34.88518959:49:43.1338.248      8.248      Paused by player, Unpause by player
52   31:39:15.167   18959:49:53.05718959:49:54.2091.152      1.152      Paused by player, Unpause by player
53   31:39:18.517   18959:49:57.52618959:50:13.55716.031     16.031     Paused by player, Unpause by player
54   31:39:26.767   18959:50:21.79418959:50:23.7831.989      1.989      Paused by player, Unpause by player
55   31:39:39.117   18959:50:36.12418959:50:44.6238.499      8.499      Paused by player, Unpause by player
56   31:39:39.967   18959:50:45.46218959:50:46.1090.647      0.647      Paused by player, Unpause by player
57   31:39:40.867   18959:50:46.99418959:51:49.28462.290     62.290     Paused by player, Unpause by player
58   31:39:45.667   18959:51:54.03018959:51:55.1341.104      1.104      Paused by player, Unpause by player
59   31:39:46.167   18959:51:55.59918959:51:56.9021.303      1.303      Paused by player, Unpause by player
60   31:39:56.067   18959:52:06.75818959:52:09.7482.990      2.990      Paused by player, Unpause by player
61   31:39:57.717   18959:52:11.36418959:52:14.3242.960      2.960      Paused by player, Unpause by player
62   31:40:10.817   18959:52:27.42518959:52:33.0405.615      5.615      Paused by player, Unpause by player
63   31:40:15.367   18959:52:37.57418959:52:38.2590.685      0.685      Paused by player, Unpause by player
64   31:40:17.217   18959:52:40.10418959:53:00.29020.186     20.186     Paused by player, Unpause by player
65   31:40:23.667   18959:53:06.70418959:53:13.7417.037      7.037      Paused by player, Unpause by player
66   31:40:30.617   18959:53:20.67318959:53:23.5352.862      2.862      Paused by player, Unpause by player
67   31:40:41.767   18959:53:34.65918959:53:36.1981.539      1.539      Paused by player, Unpause by player
68   31:40:53.117   18959:53:47.52018959:53:48.0720.552      0.552      Paused by player, Unpause by player
69   31:41:00.667   18959:53:55.59818959:53:57.2901.692      1.692      Paused by player, Unpause by player
70   31:41:05.367   18959:54:01.99018959:54:10.3738.383      8.383      Paused by player, Unpause by player
71   31:41:08.967   18959:54:13.94218959:55:47.31093.368     93.368     Paused by player, Unpause by player
72   31:42:44.117   18959:57:22.40518959:57:41.43519.030     19.030     Paused by player, Unpause by player
73   31:42:47.817   18959:57:45.11618959:57:46.1120.996      0.996      Paused by player, Unpause by player
74   31:43:22.867   18959:58:21.14318959:58:27.9956.852      6.852      Paused by player, Unpause by player
75   31:43:24.517   18959:58:29.62718959:58:30.2620.635      0.635      Paused by player, Unpause by player
76   31:43:27.217   18959:58:32.94418959:58:36.8693.925      3.925      Paused by player, Unpause by player
77   31:43:30.267   18959:58:39.88018959:58:45.4925.612      5.612      Paused by player, Unpause by player
78   31:43:32.067   18959:58:47.24718959:58:51.4624.215      4.215      Paused by player, Unpause by player
79   31:43:34.217   18959:58:53.60218959:58:56.7473.145      3.145      Paused by player, Unpause by player
80   31:43:35.417   18959:58:57.95018959:59:01.1863.236      3.236      Paused by player, Unpause by player
81   31:43:37.517   18959:59:03.25918959:59:08.4625.203      5.203      Paused by player, Unpause by player
82   31:43:39.867   18959:59:10.77018959:59:13.2692.499      2.499      Paused by player, Unpause by player
83   31:43:41.867   18959:59:15.23218959:59:18.9673.735      3.735      Paused by player, Unpause by player
84   31:43:43.317   18959:59:20.39218959:59:22.9992.607      2.607      Paused by player, Unpause by player
85   31:44:35.067   18960:00:14.71018960:00:40.36425.654     25.654     Paused by player, Unpause by player
86   31:44:39.217   18960:00:44.47918960:00:44.9880.509      0.509      Paused by player, Unpause by player
87   31:44:39.567   18960:00:45.30018960:00:51.4276.127      6.127      Paused by player, Unpause by player
88   31:45:40.667   18960:01:52.49818960:01:56.7864.288      4.288      Paused by player, Unpause by player
89   31:45:43.767   18960:01:59.87018960:02:01.0781.208      1.208      Paused by player, Unpause by player
90   31:45:44.167   18960:02:01.45018960:02:05.4824.032      4.032      Paused by player, Unpause by player
91   31:45:47.217   18960:02:08.52518960:02:10.0351.510      1.510      Paused by player, Unpause by player
92   31:45:48.217   18960:02:11.01918960:02:12.0931.074      1.074      Paused by player, Unpause by player
93   31:45:49.217   18960:02:13.09518960:02:16.9823.887      3.887      Paused by player, Unpause by player
94   31:47:01.217   18960:03:28.98118960:03:42.02013.039     13.039     Paused by player, Unpause by player
95   31:47:03.017   18960:03:43.79918960:03:44.6410.842      0.842      Paused by player, Unpause by player
96   31:47:11.167   18960:03:52.79018960:03:53.7550.965      0.965      Paused by player, Unpause by player
97   31:47:11.617   18960:03:54.18118960:03:54.8420.661      0.661      Paused by player, Unpause by player
98   31:47:12.067   18960:03:55.26018960:03:55.8440.584      0.584      Paused by player, Unpause by player
99   31:47:12.567   18960:03:56.32718960:03:57.2050.878      0.878      Paused by player, Unpause by player
100  31:48:11.017   18960:04:55.65018960:04:56.6751.025      1.025      Paused by player, Unpause by player
101  31:48:11.417   18960:04:57.04618960:05:03.5916.545      6.545      Paused by player, Unpause by player
102  31:48:11.917   18960:05:04.06518960:05:10.4446.379      6.379      Paused by player, Unpause by player
103  31:48:14.817   18960:05:13.34518960:05:21.4758.130      8.130      Paused by player, Unpause by player
104  31:48:15.567   18960:05:22.19618960:05:23.4751.279      1.279      Paused by player, Unpause by player
105  31:48:15.867   18960:05:23.76718960:05:24.4970.730      0.730      Paused by player, Unpause by player
106  31:48:16.417   18960:05:25.00418960:05:33.2298.225      8.225      Paused by player, Unpause by player
107  31:48:17.017   18960:05:33.80218960:05:40.4376.635      6.635      Paused by player, Unpause by player
108  31:48:17.717   18960:05:41.12818960:05:45.6864.558      4.558      Paused by player, Unpause by player
109  31:48:18.467   18960:05:46.42018960:05:55.0748.654      8.654      Paused by player, Unpause by player
110  31:48:18.917   18960:05:55.50118960:05:56.4690.968      0.968      Paused by player, Unpause by player
111  31:48:19.317   18960:05:56.83118960:05:57.5880.757      0.757      Paused by player, Unpause by player
112  31:48:20.417   18960:05:58.64218960:06:01.1742.532      2.532      Paused by player, Unpause by player
113  31:48:20.817   18960:06:01.54418960:06:02.0940.550      0.550      Paused by player, Unpause by player
114  31:48:21.867   18960:06:03.11418960:06:04.2591.145      1.145      Paused by player, Unpause by player
115  31:48:22.267   18960:06:04.63818960:06:05.2750.637      0.637      Paused by player, Unpause by player
116  31:48:22.967   18960:06:05.96918960:06:11.4895.520      5.520      Paused by player, Unpause by player
117  31:48:26.067   18960:06:14.56218960:06:20.3175.755      5.755      Paused by player, Unpause by player
118  31:48:26.767   18960:06:20.99318960:06:22.2951.302      1.302      Paused by player, Unpause by player
119  31:48:27.267   18960:06:22.76118960:06:26.4403.679      3.679      Paused by player, Unpause by player
120  31:49:18.217   18960:07:17.40118960:07:21.9614.560      4.560      Paused by player, Unpause by player
121  31:49:55.217   18960:07:58.97318960:08:04.0415.068      5.068      Paused by player, Unpause by player
122  31:50:26.667   18960:08:35.47218960:08:36.8471.375      1.375      Paused by player, Unpause by player
123  31:55:04.517   18960:13:14.66618960:13:25.43810.772     10.772     Paused by player, Unpause by player
124  31:55:10.317   18960:13:31.23218960:13:35.1373.905      3.905      Paused by player, Unpause by player
125  31:58:47.667   18960:17:12.50818960:17:24.24211.734     11.734     Paused by player, Unpause by player
126  31:59:06.917   18960:17:43.44318960:17:44.2620.819      0.819      Paused by player, Unpause by player
127  31:59:07.367   18960:17:44.70518960:17:48.4013.696      3.696      Paused by player, Unpause by player
128  31:59:08.167   18960:17:49.15418960:17:56.8587.704      7.704      Paused by player, Unpause by player
129  31:59:08.817   18960:17:57.46618960:17:58.3960.930      0.930      Paused by player, Unpause by player
130  31:59:16.717   18960:18:06.27118960:18:09.7773.506      3.506      Paused by player, Unpause by player
131  31:59:54.017   18960:18:47.05018960:19:29.07242.022     42.022     Paused by player, Unpause by player
132  32:00:08.167   18960:19:43.18618960:20:02.65619.470     19.470     Paused by player, Unpause by player
133  32:00:12.017   18960:20:06.48118960:21:11.09364.612     64.612     Paused by player, Unpause by player
134  32:00:21.667   18960:21:20.68518960:21:26.7336.048      6.048      Paused by player, Unpause by player
135  32:00:24.167   18960:21:29.21018960:21:29.5450.335      0.335      Paused by player, Unpause by player
136  32:00:26.467   18960:21:31.83618960:21:34.7862.950      2.950      Paused by player, Unpause by player
137  32:00:28.667   18960:21:36.96818960:21:37.8300.862      0.862      Paused by player, Unpause by player
138  32:00:47.667   18960:21:56.83618960:21:58.6701.834      1.834      Paused by player, Unpause by player
139  32:03:01.917   18960:24:12.89518960:24:14.2811.386      1.386      Paused by player, Unpause by player
140  32:03:02.367   18960:24:14.72418960:24:15.4870.763      0.763      Paused by player, Unpause by player
141  32:03:02.917   18960:24:16.01018960:24:16.4450.435      0.435      Paused by player, Unpause by player
142  32:03:03.417   18960:24:16.94018960:24:18.3211.381      1.381      Paused by player, Unpause by player
143  32:03:04.067   18960:24:18.93518960:24:19.3540.419      0.419      Paused by player, Unpause by player
144  32:03:04.667   18960:24:19.95018960:24:20.3530.403      0.403      Paused by player, Unpause by player
145  32:03:05.217   18960:24:20.89018960:24:21.3200.430      0.430      Paused by player, Unpause by player
146  32:03:05.917   18960:24:21.97918960:24:22.3900.411      0.411      Paused by player, Unpause by player
147  32:03:06.467   18960:24:22.89418960:24:23.2850.391      0.391      Paused by player, Unpause by player
148  32:03:06.967   18960:24:23.75018960:24:24.1330.383      0.383      Paused by player, Unpause by player
149  32:03:07.467   18960:24:24.61018960:24:25.0540.444      0.444      Paused by player, Unpause by player
150  32:03:09.517   18960:24:27.08918960:24:27.8300.741      0.741      Paused by player, Unpause by player
151  32:03:09.917   18960:24:28.22718960:24:28.6800.453      0.453      Paused by player, Unpause by player
152  32:03:10.567   18960:24:29.31518960:24:29.7900.475      0.475      Paused by player, Unpause by player
153  32:03:11.217   18960:24:30.39718960:24:30.8280.431      0.431      Paused by player, Unpause by player
154  32:03:11.917   18960:24:31.49718960:24:32.1680.671      0.671      Paused by player, Unpause by player
155  32:03:12.417   18960:24:32.62418960:24:33.5850.961      0.961      Paused by player, Unpause by player
156  32:03:13.067   18960:24:34.22618960:24:34.6210.395      0.395      Paused by player, Unpause by player
157  32:03:13.717   18960:24:35.26818960:24:35.7040.436      0.436      Paused by player, Unpause by player
158  32:03:14.367   18960:24:36.31918960:24:36.7520.433      0.433      Paused by player, Unpause by player
159  32:03:14.867   18960:24:37.23018960:24:37.6580.428      0.428      Paused by player, Unpause by player
160  32:03:15.317   18960:24:38.06518960:24:38.4710.406      0.406      Paused by player, Unpause by player
161  32:03:22.467   18960:24:45.62318960:24:46.4750.852      0.852      Paused by player, Unpause by player
162  32:03:23.867   18960:24:47.87018960:24:48.3020.432      0.432      Paused by player, Unpause by player
163  32:03:25.017   18960:24:49.41618960:24:50.3240.908      0.908      Paused by player, Unpause by player
164  32:03:43.167   18960:25:08.45718960:25:08.8480.391      0.391      Paused by player, Unpause by player
165  32:04:50.667   18960:26:16.32318960:26:25.6369.313      9.313      Paused by player, Unpause by player
166  32:05:25.017   18960:27:00.01718960:27:30.34230.325     30.325     Paused by player, Unpause by player
167  32:05:54.567   18960:27:59.85818960:28:01.0301.172      1.172      Paused by player, Unpause by player
168  32:05:57.067   18960:28:03.49218960:28:04.0940.602      0.602      Paused by player, Unpause by player
169  32:06:07.317   18960:28:14.30218960:28:15.9001.598      1.598      Paused by player, Unpause by player
170  32:07:19.917   18960:29:28.47918960:29:37.1638.684      8.684      Paused by player, Unpause by player
171  32:11:11.617   18960:33:28.84118960:33:45.94317.102     17.102     Paused by player, Unpause by player
172  32:11:12.417   18960:33:46.73618960:33:55.8949.158      9.158      Paused by player, Unpause by player
173  32:11:21.167   18960:34:04.63618960:34:22.53417.898     17.898     Paused by player, Unpause by player
174  32:11:22.917   18960:34:24.28318960:34:33.1378.854      8.854      Paused by player, Unpause by player
175  32:12:25.367   18960:35:35.58018960:35:38.1442.564      2.564      Paused by player, Unpause by player
176  32:12:45.817   18960:35:58.59018960:38:31.465152.875    152.875    Paused by player, Unpause by player
177  32:13:21.417   18960:39:07.04618960:39:47.41040.364     40.364     Paused by player, Unpause by player
178  32:13:32.467   18960:39:58.42918960:40:07.8679.438      9.438      Paused by player, Unpause by player
179  32:14:09.467   18960:40:44.86718960:40:46.4111.544      1.544      Paused by player, Unpause by player
180  32:14:23.617   18960:41:00.55518960:41:08.5337.978      7.978      Paused by player, Unpause by player
181  32:14:43.867   18960:41:28.74418960:41:30.3581.614      1.614      Paused by player, Unpause by player
182  32:17:21.667   18960:44:08.18918960:44:08.6370.448      0.448      Paused by player, Unpause by player
0    32:22:39.067   18960:49:26.02418962:04:03.7054477.681              Paused by player, Unpause by rendered
0    32:23:51.805   18962:05:16.43818962:30:01.5931485.155              Paused by player, Unpause by rendered
0    32:24:55.065   18962:31:04.85518962:49:14.7561089.901              Paused by player, Unpause by rendered
0    32:25:40.387   18962:50:00.11218963:05:24.124924.012               Paused by player, Unpause by rendered
0    32:26:11.631   18963:05:55.40418963:38:23.3431947.939              Paused by player, Unpause by rendered
0    32:26:29.876   18963:38:41.61318965:52:38.4738036.860              Paused by player, Unpause by changed look direction
1    32:27:58.427   18965:54:06.85418965:54:10.1263.272      3.272      Paused by player, Unpause by player
2    32:28:05.027   18965:54:16.72018965:54:17.8721.152      1.152      Paused by player, Unpause by player
3    32:31:02.177   18965:57:15.04418966:01:50.200275.156    275.156    Paused by player, Unpause by player
4    32:34:00.477   18966:04:48.43618966:04:51.7433.307      3.307      Paused by player, Unpause by player
0    32:47:34.727   18966:18:25.95218969:03:46.2209920.268              Paused by player, Unpause by rendered
1    32:47:45.937   18969:03:57.42118969:03:59.8192.398      2.398      Paused by player, Unpause by player
2    32:47:59.587   18969:04:13.43618969:04:19.6126.176      6.176      Paused by player, Unpause by player
3    32:48:01.137   18969:04:21.15518969:04:21.6760.521      0.521      Paused by player, Unpause by player
4    32:48:02.787   18969:04:23.29218969:04:24.0210.729      0.729      Paused by player, Unpause by player
5    32:48:17.237   18969:04:38.45818969:04:39.0790.621      0.621      Paused by player, Unpause by player
